id;is_fake;diagonal;height_left;height_right;margin_low;margin_up;length
1;0;171.81;104.86;104.95;4.52;2.89;112.83
2;0;171.46;103.36;103.66;3.77;2.99;113.09
3;0;172.69;104.48;103.5;4.4;2.94;113.16
4;0;171.36;103.91;103.94;3.62;3.01;113.51
5;0;171.73;104.28;103.46;4.04;3.48;112.54
6;0;172.17;103.74;104.08;4.42;2.95;112.81
7;0;172.34;104.18;103.85;4.58;3.26;112.81
8;0;171.88;103.76;104.08;3.98;2.92;113.08
9;0;172.47;103.92;103.67;4.0;3.25;112.85
10;0;172.47;104.07;104.02;4.04;3.25;113.45
11;0;171.83;104.14;103.62;3.16;3.18;113.22
12;0;171.84;104.59;104.0;3.88;3.27;113.08
13;0;171.89;103.89;103.4;4.11;2.96;113.24
14;0;172.2;104.35;103.67;4.44;3.38;113.65
15;0;172.06;103.87;103.83;4.09;2.92;113.19
16;0;171.73;103.92;103.74;4.43;2.78;112.98
17;0;171.3;104.19;103.7;4.12;2.82;112.87
18;0;171.88;104.47;103.45;4.56;3.33;113.01
19;0;172.47;103.89;104.14;3.74;3.28;113.47
20;0;171.9;103.67;103.15;4.55;3.15;113.12
21;0;171.87;103.91;103.96;3.74;2.97;113.59
22;0;171.82;103.65;103.64;4.25;2.8;112.57
23;0;172.1;103.96;103.71;3.93;2.89;112.68
24;0;172.56;103.85;103.62;3.32;3.13;113.37
25;0;172.22;103.75;103.89;4.18;3.19;113.34
26;0;172.09;103.63;103.33;4.32;2.88;113.46
27;0;171.83;103.44;103.7;4.15;3.1;113.47
28;0;171.88;103.92;103.74;4.02;3.17;113.76
29;0;172.02;104.18;104.16;3.97;3.23;113.64
30;0;171.58;103.59;103.79;4.1;2.92;113.56
31;0;171.71;103.95;103.97;4.0;2.83;113.55
32;0;171.98;104.33;103.61;3.68;3.14;113.41
33;0;171.99;103.79;103.9;4.62;2.9;112.92
34;0;171.85;104.1;103.88;4.13;2.93;112.93
35;0;172.29;103.61;104.44;4.54;2.69;113.48
36;0;172.01;103.81;103.65;4.36;3.03;113.26
37;0;171.8;104.28;104.06;4.47;3.29;113.93
38;0;171.73;104.1;104.19;3.39;3.19;112.79
39;0;172.0;103.76;104.27;4.42;3.29;112.67
40;0;172.28;104.11;104.19;3.93;3.08;113.51
41;0;172.44;103.96;104.55;3.73;2.86;113.16
42;0;172.08;104.19;103.82;3.99;3.21;113.2
43;0;172.1;103.73;103.33;3.72;3.02;113.5
44;0;172.4;103.41;103.85;4.01;3.15;113.45
45;0;171.79;103.83;103.76;3.99;3.18;112.9
46;0;171.42;104.65;103.63;3.99;3.05;113.08
47;0;171.47;103.74;104.42;4.19;2.92;113.53
48;0;172.13;104.15;103.93;3.97;2.87;113.31
49;0;172.07;104.05;103.82;3.71;3.61;113.05
50;0;171.82;103.82;103.61;4.42;2.9;113.02
51;0;171.95;104.02;103.82;4.28;3.0;113.28
52;0;172.03;103.59;104.09;4.49;2.85;113.44
53;0;171.64;104.18;103.78;3.49;3.74;113.94
54;0;171.71;103.99;103.47;4.49;3.04;113.07
55;0;172.02;103.58;103.8;3.95;3.46;112.4
56;0;171.56;103.42;103.64;3.77;3.04;113.3
57;0;171.25;104.23;103.93;4.36;2.68;113.5
58;0;171.66;103.75;104.07;4.01;2.98;113.47
59;0;171.88;104.12;103.86;4.07;3.41;113.5
60;0;171.88;103.91;103.88;4.05;3.16;113.24
61;0;172.24;104.03;103.86;3.71;3.01;113.03
62;0;171.9;103.46;104.22;3.99;3.0;113.08
63;0;171.42;103.82;103.84;4.01;2.96;113.16
64;0;171.98;103.92;103.57;4.14;2.75;113.13
65;0;171.79;103.91;103.94;3.44;2.96;113.39
66;0;172.08;104.49;103.96;4.38;3.14;113.42
67;0;172.41;104.1;104.27;3.8;3.31;112.68
68;0;172.33;103.97;103.66;3.97;3.07;112.97
69;0;171.6;103.55;103.74;3.79;2.86;112.82
70;0;171.98;104.16;103.76;4.08;2.94;113.08
71;0;171.81;103.84;103.66;4.35;2.93;112.97
72;0;171.84;103.59;103.98;4.09;3.05;113.09
74;0;171.35;103.58;103.59;4.08;2.85;114.09
75;0;172.49;103.69;103.79;3.81;2.77;113.09
76;0;172.26;103.85;103.7;4.16;3.2;112.35
77;0;171.65;103.3;103.55;4.14;3.37;112.87
78;0;171.84;104.09;103.03;4.11;2.77;113.18
79;0;171.71;103.43;103.61;4.11;2.97;112.95
80;0;171.58;103.71;103.57;4.49;3.14;113.65
81;0;171.89;103.42;103.35;4.92;3.02;113.2
82;0;171.85;103.87;103.27;4.09;2.95;113.09
83;0;172.08;103.93;103.85;4.3;3.26;113.65
84;0;172.52;104.32;103.86;3.7;3.14;113.36
85;0;171.85;103.91;103.91;4.5;3.21;113.09
86;0;171.98;104.32;103.71;4.25;3.06;113.46
87;0;172.01;104.58;103.89;3.96;2.87;113.28
88;0;171.7;103.75;103.4;4.47;3.28;113.57
89;0;171.93;103.65;103.56;4.12;2.77;112.95
90;0;171.94;103.49;103.82;4.24;3.19;113.05
91;0;171.81;103.76;103.61;4.31;3.08;112.74
92;0;172.08;104.01;104.5;4.3;2.97;113.05
93;0;171.81;104.14;103.35;4.03;3.03;112.83
94;0;172.05;103.75;103.98;4.1;3.12;113.27
95;0;172.34;104.26;103.76;4.01;3.17;113.28
96;0;172.0;103.83;103.82;4.64;3.32;113.0
97;0;171.57;104.61;103.91;4.49;3.16;113.42
98;0;171.86;103.6;103.99;3.65;3.15;113.56
99;0;171.54;103.75;103.62;4.59;2.85;113.44
101;0;171.53;104.02;103.87;4.1;3.03;113.32
102;0;171.55;103.35;103.69;4.31;3.19;113.42
103;0;172.05;103.69;103.89;4.42;3.15;112.67
104;0;172.0;104.14;103.98;3.87;3.12;113.5
105;0;171.96;103.95;103.81;4.23;3.09;113.27
106;0;171.85;103.66;103.9;4.16;2.98;112.91
107;0;172.27;103.95;103.75;3.94;3.19;114.04
108;0;172.69;103.88;104.06;4.27;3.2;113.22
109;0;171.91;104.23;104.14;3.59;3.11;113.42
110;0;171.65;103.77;103.95;4.18;3.16;113.26
111;0;172.07;103.72;103.44;4.03;2.9;113.55
112;0;172.03;103.96;103.58;4.06;2.85;113.02
113;0;171.8;104.22;103.74;3.66;3.08;113.53
114;0;171.82;104.23;104.05;4.21;3.2;112.89
115;0;172.24;103.97;103.69;4.32;2.98;113.26
116;0;171.88;103.61;103.46;3.52;2.99;112.94
117;0;172.23;104.18;103.71;3.93;3.32;113.48
118;0;172.11;104.36;104.01;4.14;3.17;112.59
119;0;171.92;103.6;103.36;4.23;2.93;113.51
120;0;171.89;103.66;103.28;3.79;3.03;112.74
121;0;171.92;103.78;103.61;4.02;3.31;112.91
122;0;172.23;104.12;103.75;3.91;3.02;113.02
123;0;171.81;103.22;103.92;3.99;3.06;113.32
124;0;171.62;104.24;103.85;4.08;2.9;112.87
125;0;171.89;103.63;104.12;4.37;3.06;113.38
126;0;171.5;104.03;103.97;3.26;3.54;113.24
127;0;172.22;104.07;103.98;4.01;2.83;112.92
128;0;171.93;103.98;104.07;4.41;2.96;113.02
129;0;171.96;104.34;103.85;3.95;3.28;113.73
130;0;172.0;104.05;103.67;4.02;3.18;113.4
131;0;171.66;103.43;103.54;4.38;3.51;113.2
132;0;171.27;104.14;103.78;3.91;2.69;112.81
133;0;171.84;103.77;103.98;4.61;2.99;113.59
134;0;171.54;104.36;103.28;3.99;3.21;113.43
135;0;172.27;104.12;103.96;4.12;2.74;113.12
136;0;171.87;104.71;103.85;4.36;2.71;113.71
137;0;172.06;104.19;103.59;4.39;3.22;113.69
138;0;171.6;104.02;103.9;4.2;3.15;113.15
139;0;172.43;104.05;104.02;4.09;2.93;113.6
140;0;172.46;103.81;103.52;4.05;3.16;112.6
141;0;172.47;103.82;103.59;3.85;2.77;113.17
142;0;171.52;104.11;104.23;4.73;3.08;113.33
143;0;172.18;104.46;103.8;4.31;2.84;113.58
144;0;172.04;103.82;103.79;4.07;3.2;114.13
145;0;171.8;104.31;103.78;3.79;3.12;112.78
146;0;171.65;103.59;103.83;3.97;3.12;113.04
147;0;172.38;103.72;103.88;4.36;3.05;113.19
148;0;172.35;103.72;103.67;4.2;3.07;112.87
149;0;172.46;103.99;104.04;4.14;2.68;112.93
150;0;171.91;103.97;103.6;4.66;3.03;114.04
151;0;171.72;103.91;104.57;4.08;2.79;113.44
153;0;171.97;104.29;104.04;4.46;2.97;113.81
154;0;171.96;104.16;103.67;3.98;3.23;112.97
155;0;172.08;103.95;103.7;3.76;2.97;113.52
156;0;171.75;104.03;103.85;4.36;2.96;113.22
157;0;171.57;103.98;103.4;4.05;2.74;113.7
158;0;171.88;104.04;104.08;3.8;3.01;113.6
159;0;172.05;103.88;103.76;4.2;3.15;113.94
160;0;172.15;103.74;103.92;4.64;3.35;113.19
161;0;172.26;104.46;103.6;4.18;3.31;113.0
162;0;172.31;103.89;103.78;4.49;3.06;113.34
163;0;172.09;104.05;104.26;4.1;2.95;113.68
164;0;171.9;103.4;103.45;4.09;3.33;112.97
165;0;172.38;103.98;104.4;3.81;2.8;112.9
166;0;171.81;103.53;103.76;3.91;2.87;113.52
167;0;172.31;104.05;103.51;4.43;2.86;113.18
168;0;172.2;104.06;103.97;4.16;3.17;112.47
169;0;172.21;103.32;103.99;4.11;3.04;113.46
170;0;171.28;104.2;103.89;4.29;3.06;112.56
171;0;171.62;104.41;103.71;4.13;3.21;114.03
172;0;172.4;103.51;103.52;3.68;3.16;113.35
173;0;172.26;104.09;103.56;3.53;2.99;113.1
174;0;172.58;104.03;103.9;3.79;2.92;113.57
175;0;171.55;104.4;103.17;4.54;2.83;113.3
176;0;172.13;104.26;103.88;3.97;3.0;113.11
177;0;171.75;103.63;102.97;4.46;2.77;113.22
178;0;172.09;104.19;103.5;4.16;3.04;112.94
179;0;171.79;104.57;104.04;4.26;3.15;113.46
180;0;171.66;104.16;103.94;4.05;3.04;113.09
181;0;171.8;104.17;103.74;4.03;2.92;113.04
182;0;172.37;103.31;103.5;3.79;3.13;112.43
183;0;171.94;104.44;104.13;3.32;3.02;113.49
184;0;171.94;103.97;103.84;3.95;3.05;112.88
185;0;171.84;103.71;103.9;4.61;2.82;112.68
186;0;172.4;104.13;103.84;4.25;3.09;113.29
187;0;172.21;103.48;104.04;4.4;3.0;113.15
188;0;172.74;104.05;104.17;3.68;3.38;113.12
189;0;172.1;104.05;103.84;3.76;3.17;113.44
190;0;172.18;104.02;103.54;4.17;3.49;113.64
191;0;171.95;103.73;103.77;4.09;3.02;113.6
192;0;171.86;104.7;103.62;4.01;3.34;112.89
193;0;171.78;103.74;103.55;3.86;2.87;113.41
194;0;172.35;103.73;102.95;4.49;3.37;112.49
195;0;171.94;104.34;103.99;4.27;2.87;113.14
196;0;172.22;103.59;103.81;3.47;3.34;113.23
197;0;171.99;103.98;103.73;4.34;3.2;113.05
199;0;171.9;104.14;103.75;4.56;2.97;113.0
200;0;171.9;104.42;104.02;4.38;3.1;112.87
201;0;171.97;104.01;103.41;3.8;2.96;112.85
202;0;171.71;104.27;104.19;3.56;3.15;112.71
203;0;172.11;103.98;104.02;4.17;3.24;112.96
204;0;172.33;104.18;104.04;4.29;2.99;114.08
205;0;171.88;103.83;103.31;4.36;3.07;113.83
206;0;172.16;104.04;104.02;4.06;3.08;113.02
207;0;172.18;103.68;103.14;4.16;3.18;113.93
208;0;172.3;104.34;103.93;3.98;3.33;113.08
209;0;171.59;103.8;104.08;4.18;3.17;113.04
210;0;172.23;103.25;103.97;4.01;3.38;113.9
211;0;172.12;103.76;103.66;4.27;2.95;113.4
212;0;171.78;103.52;103.69;4.31;2.85;113.59
213;0;171.59;104.06;103.85;4.41;3.29;113.49
214;0;172.26;103.75;103.87;3.95;3.1;113.08
215;0;172.1;103.61;103.79;4.86;3.14;112.89
216;0;172.05;104.08;103.66;4.49;3.24;113.23
217;0;171.74;104.43;103.09;4.23;3.15;113.19
218;0;172.37;104.32;103.52;3.96;3.11;112.84
219;0;172.19;104.07;103.71;4.0;2.82;112.71
220;0;172.11;103.33;103.8;4.55;2.91;113.17
221;0;171.26;103.59;103.8;4.11;3.25;113.03
222;0;172.04;103.67;103.6;4.09;3.14;112.99
223;0;171.79;103.88;103.7;4.1;3.12;113.42
224;0;171.97;104.05;103.82;4.09;2.88;112.67
225;0;172.12;103.2;103.92;4.46;3.26;113.44
226;0;171.29;104.22;104.16;4.37;3.14;113.3
227;0;171.84;103.81;103.83;4.33;2.86;113.14
228;0;171.69;103.8;104.1;4.32;2.69;113.52
229;0;172.5;104.54;103.78;3.99;3.1;112.82
230;0;172.28;103.63;103.97;3.79;2.94;112.9
231;0;172.32;103.22;104.0;4.01;3.08;112.87
232;0;172.76;104.22;104.0;4.2;3.27;113.69
233;0;171.34;104.26;104.06;3.77;3.2;113.91
234;0;172.26;104.16;103.2;4.55;3.35;113.23
235;0;171.97;103.55;104.2;4.21;3.12;113.2
236;0;171.77;103.62;103.32;3.9;3.17;113.45
237;0;171.85;104.1;104.16;4.18;3.06;113.19
238;0;172.19;103.96;104.03;3.95;3.2;112.71
239;0;172.23;104.21;103.97;3.74;2.9;113.4
240;0;171.85;104.07;103.9;4.8;3.46;113.73
241;0;171.86;103.6;104.09;3.9;2.8;113.18
243;0;171.74;103.95;103.78;4.74;3.29;113.04
244;0;172.17;103.61;104.33;3.39;2.82;112.79
245;0;171.57;104.09;103.58;3.99;3.23;112.98
246;0;171.99;103.7;103.59;4.37;3.12;112.85
247;0;171.94;103.91;103.99;4.02;2.94;113.06
248;0;172.45;103.97;104.32;4.15;3.23;113.45
249;0;172.12;104.03;104.02;4.38;2.83;113.03
250;0;171.67;103.74;103.7;4.01;2.87;113.29
251;0;172.38;103.45;104.11;4.72;3.01;113.19
253;0;171.68;104.27;104.07;4.08;3.34;113.57
254;0;172.07;104.33;104.33;4.41;3.39;113.39
255;0;172.17;104.21;103.87;4.35;2.98;113.66
256;0;171.82;103.49;103.47;4.79;3.11;113.41
257;0;171.85;103.65;103.55;4.48;3.31;112.89
258;0;172.19;104.03;104.25;4.17;2.81;112.94
259;0;171.71;103.53;103.78;3.89;3.03;113.51
260;0;172.35;103.62;103.78;4.38;2.86;113.28
261;0;172.27;103.71;103.64;4.64;2.67;113.63
262;0;171.99;103.75;103.53;3.79;2.81;112.52
263;0;171.91;103.97;103.81;3.96;3.03;112.64
264;0;172.06;103.92;103.42;4.28;3.0;113.41
265;0;171.75;104.12;104.1;3.85;3.24;113.3
266;0;172.15;104.02;103.94;3.96;2.87;112.38
267;0;171.95;103.94;103.8;4.1;3.41;113.38
268;0;171.48;103.27;103.42;3.84;3.04;113.56
269;0;171.47;104.3;104.01;4.32;2.68;113.07
270;0;171.88;103.93;103.72;4.88;3.26;113.11
271;0;172.11;103.98;104.33;4.3;2.91;112.72
272;0;172.06;104.21;103.88;4.63;3.22;113.7
273;0;171.6;104.22;104.11;4.25;3.29;113.4
274;0;172.19;104.05;103.54;3.8;3.24;112.84
275;0;171.52;103.74;104.1;4.47;2.87;113.58
276;0;171.81;104.17;103.72;4.17;3.05;112.49
277;0;171.62;104.11;103.71;4.33;3.14;113.14
278;0;172.08;104.16;104.17;3.54;3.29;112.71
279;0;171.86;104.15;103.5;4.31;2.92;113.87
280;0;172.29;103.73;103.55;3.84;3.23;113.9
281;0;171.85;103.64;103.63;3.73;3.29;112.95
282;0;171.99;103.9;104.21;4.18;3.07;113.01
283;0;172.02;104.54;103.74;3.96;2.94;113.51
284;0;172.47;103.57;103.89;4.6;3.2;112.93
286;0;172.27;103.78;103.86;4.25;2.86;112.73
287;0;172.04;103.99;104.12;4.2;3.02;113.16
288;0;171.92;104.12;104.15;3.83;2.88;112.65
289;0;172.21;104.22;103.57;3.57;3.17;112.43
290;0;172.08;104.4;103.94;4.22;2.97;113.08
291;0;171.85;103.93;103.81;4.36;3.12;112.82
292;0;171.77;103.79;104.11;3.92;3.18;113.33
293;0;172.09;103.14;103.81;4.88;3.01;113.69
294;0;172.5;103.81;103.83;4.19;3.01;113.18
295;0;171.52;103.97;103.81;4.08;3.07;112.74
296;0;172.34;104.54;103.56;4.04;3.42;112.93
297;0;171.87;103.99;104.03;4.42;2.89;112.72
298;0;172.12;103.9;104.32;3.83;3.03;113.56
299;0;172.43;103.83;104.13;3.72;2.81;113.27
300;0;171.68;103.77;103.82;4.24;2.86;113.6
301;0;171.54;104.27;104.01;4.63;3.05;113.09
302;0;171.46;103.83;103.95;4.21;3.15;113.59
303;0;171.65;103.22;104.11;3.51;3.04;113.4
304;0;172.02;103.45;103.79;3.91;3.0;113.12
305;0;172.3;103.88;103.85;4.22;3.09;113.1
306;0;171.83;104.65;103.66;3.83;2.95;113.28
307;0;172.1;103.93;103.43;3.96;3.13;113.38
308;0;172.24;104.22;103.67;4.3;3.33;113.13
309;0;171.87;103.99;104.02;4.23;3.02;113.0
310;0;172.25;104.14;103.76;3.84;2.81;112.72
311;0;172.47;103.87;104.16;4.63;3.18;112.98
312;0;172.58;103.99;103.63;4.43;3.07;112.79
313;0;172.07;104.09;103.7;4.11;3.0;113.19
314;0;172.32;103.99;104.01;4.22;2.95;113.08
315;0;172.1;104.16;104.18;4.03;3.08;112.65
316;0;171.99;103.6;103.43;4.57;2.96;113.09
317;0;171.91;103.99;103.81;4.0;2.88;113.02
318;0;171.51;104.34;103.49;4.29;3.03;113.42
319;0;172.22;103.51;103.99;3.67;3.06;112.86
320;0;172.05;104.11;104.14;4.73;2.73;113.3
321;0;172.07;104.35;104.43;4.1;3.02;112.76
322;0;171.74;103.74;103.78;4.43;3.14;113.02
323;0;171.75;104.13;103.91;4.24;2.97;113.33
324;0;171.91;103.83;103.68;4.05;2.86;113.41
325;0;172.1;104.42;103.6;4.18;2.89;113.32
326;0;171.96;104.17;103.35;4.35;3.31;113.67
327;0;171.42;103.47;103.82;4.35;3.05;112.7
328;0;171.85;103.86;104.08;4.23;3.36;113.01
329;0;172.05;103.79;104.17;4.08;3.12;112.77
330;0;172.0;103.85;104.04;3.75;3.45;113.73
331;0;171.99;104.12;104.18;4.41;2.75;113.18
332;0;172.4;104.17;104.09;4.46;3.02;113.16
333;0;171.95;103.44;103.8;4.08;3.19;112.43
334;0;171.53;104.56;103.9;3.99;3.08;113.15
336;0;172.33;103.81;103.67;4.58;2.87;113.2
337;0;171.8;103.96;103.87;3.97;2.65;112.68
338;0;171.59;103.8;103.95;4.09;2.89;113.27
339;0;171.69;104.3;103.94;4.27;2.96;113.43
340;0;172.26;103.88;104.15;4.3;2.98;113.24
341;0;172.52;103.9;104.03;3.97;2.98;113.3
342;0;171.9;104.21;104.21;4.77;3.38;113.2
343;0;171.78;103.94;103.84;3.55;2.97;113.13
344;0;171.7;103.77;103.88;4.1;2.96;112.91
345;0;172.53;103.97;103.28;4.61;3.41;113.25
346;0;171.54;103.93;103.49;4.08;3.34;113.13
347;0;172.32;103.38;103.74;4.43;2.77;112.98
348;0;172.46;103.78;103.54;3.89;3.2;113.05
349;0;171.87;103.77;104.23;4.1;3.08;112.44
350;0;172.08;104.17;103.48;4.62;2.87;113.52
351;0;171.93;104.4;103.4;3.87;3.15;113.48
352;0;172.06;103.82;103.73;4.18;2.6;112.64
353;0;171.81;103.64;104.15;4.17;2.81;113.29
354;0;172.21;103.8;103.23;3.7;2.98;112.95
355;0;171.96;104.18;104.14;3.35;2.7;113.56
356;0;172.3;103.82;104.09;4.18;3.22;113.23
357;0;171.93;103.58;104.02;4.14;2.86;113.47
358;0;172.33;103.64;104.15;4.39;2.93;112.43
359;0;172.04;103.95;104.09;4.48;2.61;112.94
360;0;171.36;103.59;103.68;4.44;3.32;113.23
361;0;171.61;103.73;104.01;4.29;2.93;112.76
362;0;172.19;104.09;103.82;3.82;3.04;113.13
363;0;171.62;103.4;104.05;3.53;2.96;112.72
364;0;172.4;104.32;103.6;4.13;2.92;113.4
365;0;172.29;103.83;103.25;3.62;2.99;113.13
366;0;171.57;103.92;104.03;4.59;3.14;113.45
367;0;171.72;104.15;103.75;4.1;2.99;113.24
368;0;171.73;104.17;104.02;3.64;2.64;112.72
369;0;171.65;103.58;104.21;3.91;3.3;113.42
370;0;172.46;103.64;103.53;4.41;3.4;113.75
371;0;172.1;103.99;104.02;4.19;3.21;113.12
372;0;171.91;104.05;103.97;3.88;3.12;113.62
373;0;171.43;103.49;103.99;4.07;2.94;113.07
374;0;171.65;104.29;103.81;4.26;3.05;113.58
375;0;172.07;104.49;103.52;4.24;3.0;113.06
376;0;171.54;104.64;103.06;3.54;3.09;112.82
377;0;171.74;104.53;103.38;4.39;3.0;112.85
378;0;171.94;104.34;103.71;3.67;3.17;112.68
379;0;172.06;104.24;103.66;4.24;3.1;113.02
380;0;172.15;103.63;103.93;4.33;3.04;113.36
381;0;171.95;104.08;103.91;4.16;2.91;113.26
382;0;171.75;103.95;103.36;4.57;3.25;113.08
383;0;172.28;104.62;103.8;4.08;3.08;113.26
384;0;171.71;104.22;103.72;4.35;3.29;113.51
385;0;171.65;103.5;103.24;3.82;2.56;112.98
386;0;171.49;104.02;103.9;4.37;3.11;112.93
387;0;172.16;103.56;103.64;4.24;3.01;113.38
388;0;172.37;104.19;104.58;4.25;2.82;112.88
389;0;172.42;104.07;103.73;4.23;3.11;113.27
390;0;172.21;104.0;103.86;4.05;2.82;113.74
391;0;171.66;103.65;103.44;3.26;2.99;112.89
392;0;171.55;103.68;104.27;4.08;2.84;112.95
393;0;171.79;103.87;103.95;4.54;3.01;112.45
394;0;171.96;104.19;104.14;4.3;3.04;113.48
395;0;171.67;104.57;103.43;3.57;3.25;112.76
396;0;171.82;104.33;103.83;3.92;2.73;112.99
397;0;172.47;103.66;103.92;3.59;3.08;113.45
398;0;172.15;104.18;103.53;3.92;3.3;113.42
399;0;171.87;104.29;103.53;3.91;2.89;112.91
400;0;171.52;104.08;104.06;4.41;3.36;113.32
401;0;171.63;104.3;103.75;3.62;3.22;113.5
402;0;172.45;104.72;104.17;4.18;2.83;113.75
403;0;172.3;104.23;104.03;4.12;3.06;113.23
404;0;171.95;104.03;103.68;4.11;2.75;113.62
405;0;172.19;103.68;103.93;4.36;2.92;113.3
406;0;172.4;104.26;103.83;4.31;3.01;112.82
407;0;171.82;103.72;104.18;4.22;2.8;113.39
408;0;172.5;103.39;103.99;4.45;3.06;113.48
409;0;172.18;103.56;104.39;3.75;3.06;113.46
410;0;172.06;103.96;103.72;4.18;3.15;113.17
412;0;172.27;104.06;103.71;3.74;3.21;113.48
413;0;172.44;103.96;103.86;4.02;3.09;112.81
415;0;172.3;104.12;103.89;3.55;2.93;113.68
416;0;172.0;103.68;104.1;3.84;3.15;112.86
417;0;172.44;104.11;104.25;4.53;3.18;113.41
418;0;172.73;104.02;104.18;3.74;3.2;113.52
419;0;172.02;104.23;103.97;4.3;2.93;113.79
420;0;171.56;103.97;103.96;4.12;3.32;113.43
421;0;171.89;103.99;103.45;4.12;3.1;113.0
422;0;171.19;103.95;103.73;3.96;2.94;113.25
423;0;171.53;103.53;103.63;4.04;2.96;112.76
424;0;171.7;104.32;104.07;4.21;2.67;112.73
425;0;171.7;103.74;103.89;4.43;2.8;112.59
426;0;171.91;103.97;103.98;4.23;3.01;112.98
427;0;171.91;103.99;103.5;3.41;2.92;113.02
428;0;171.82;103.64;104.21;4.08;3.0;112.97
429;0;171.86;103.77;103.93;4.83;3.17;113.35
430;0;172.09;103.78;104.22;4.16;3.18;113.3
431;0;172.12;104.08;103.93;4.72;3.18;113.38
432;0;172.14;103.8;103.56;3.94;3.12;113.38
433;0;171.47;104.46;104.3;4.12;3.06;113.59
434;0;171.71;103.71;103.36;4.1;3.17;113.07
435;0;172.04;103.82;103.99;3.88;3.14;113.23
436;0;171.55;103.92;103.77;4.12;3.25;113.19
437;0;171.88;104.58;104.31;4.88;2.82;113.71
438;0;171.65;103.88;103.59;3.94;3.05;113.28
439;0;172.07;104.07;103.67;3.82;3.17;113.91
440;0;171.99;103.74;103.46;4.0;2.76;113.33
441;0;172.45;103.87;104.4;3.75;3.05;113.62
442;0;171.93;103.88;104.35;4.26;3.29;112.7
443;0;172.03;103.73;104.19;3.75;2.87;112.49
444;0;171.61;103.93;103.41;4.45;2.95;113.19
445;0;172.23;103.94;103.46;3.95;3.15;113.77
447;0;172.51;104.53;103.5;4.51;3.07;113.21
448;0;171.59;103.86;104.33;4.12;2.84;114.0
449;0;172.01;103.93;103.69;3.89;3.34;113.16
450;0;171.92;103.91;103.93;4.34;2.91;112.4
451;0;172.01;104.11;103.13;4.53;2.96;113.45
452;0;172.17;103.79;103.54;4.07;2.78;113.03
453;0;171.68;103.48;103.47;3.32;3.11;112.46
454;0;172.54;104.05;103.78;4.34;2.93;114.14
455;0;172.3;104.21;104.46;3.69;3.12;113.28
456;0;171.7;103.57;104.2;4.22;2.81;112.71
457;0;172.25;104.22;103.62;3.96;3.15;112.74
458;0;171.75;103.48;103.94;3.76;2.97;113.28
459;0;172.0;104.07;103.55;3.86;3.3;114.03
460;0;171.64;104.45;103.97;4.16;3.23;113.67
461;0;172.16;103.69;103.71;3.68;3.12;113.04
462;0;172.01;103.95;103.77;4.16;3.1;113.19
463;0;171.48;103.95;103.93;4.52;2.91;113.21
464;0;172.19;104.14;103.59;4.11;3.08;113.81
465;0;172.16;103.87;103.34;4.32;2.91;113.47
466;0;171.55;103.5;104.51;4.61;2.95;113.31
467;0;171.98;103.77;103.91;4.75;3.05;113.38
468;0;171.8;104.06;103.57;4.06;3.14;112.98
469;0;171.83;103.97;104.0;3.72;3.13;113.83
470;0;172.36;104.34;103.7;4.22;3.08;112.96
471;0;171.73;104.02;103.92;4.1;3.19;112.87
472;0;172.58;104.17;103.13;4.64;3.17;113.05
473;0;171.97;104.04;104.24;4.23;2.84;113.54
474;0;172.26;104.08;103.86;3.93;3.01;113.44
475;0;172.29;103.78;103.76;4.7;3.05;113.2
476;0;172.02;104.36;103.64;4.12;2.82;113.38
477;0;171.41;104.47;104.08;3.87;3.18;113.14
478;0;171.95;104.25;103.64;3.24;2.81;113.42
479;0;171.71;104.49;103.54;3.77;3.2;113.43
480;0;171.87;103.86;103.27;4.14;3.14;113.32
481;0;171.97;103.62;103.64;4.47;2.65;113.7
483;0;172.35;104.2;103.75;3.7;2.96;113.05
484;0;172.14;103.91;103.65;4.19;3.23;113.54
485;0;172.1;104.02;103.88;3.95;3.1;113.39
486;0;171.83;104.29;103.58;4.0;3.32;113.21
487;0;171.95;104.39;103.59;4.69;2.81;113.65
488;0;171.75;103.89;103.81;3.64;2.92;113.48
489;0;172.19;104.07;104.02;4.19;3.37;113.27
490;0;171.98;104.36;103.44;4.19;3.2;112.92
491;0;172.13;103.71;103.6;3.59;3.12;113.8
492;0;172.6;104.83;103.56;4.1;2.94;113.38
493;0;172.33;104.46;103.79;4.08;2.94;113.39
494;0;172.55;103.97;104.04;4.25;3.34;113.36
495;0;172.08;104.19;104.03;4.11;2.99;113.5
496;0;171.81;103.93;103.43;4.61;2.95;113.46
497;0;172.21;103.67;104.0;4.12;3.2;113.54
498;0;172.45;103.95;103.5;4.1;3.08;113.23
499;0;171.76;104.01;103.68;4.07;2.75;112.81
500;0;172.04;104.34;103.55;3.52;3.02;113.64
501;0;171.95;104.11;103.87;4.2;2.81;113.52
502;0;171.87;103.73;103.69;4.06;3.1;112.96
503;0;171.7;103.79;103.98;4.44;3.03;113.94
504;0;172.46;103.51;103.85;4.23;3.14;113.38
505;0;171.68;103.95;103.6;3.98;2.93;113.22
507;0;171.82;104.27;103.55;4.21;3.2;113.28
508;0;171.97;104.05;104.11;4.15;2.99;113.66
509;0;171.82;104.12;103.95;4.18;3.01;113.47
510;0;171.4;103.96;103.85;4.15;2.81;113.45
511;0;171.87;103.87;104.27;4.44;2.94;112.95
512;0;172.44;103.69;104.16;3.73;3.14;112.98
513;0;171.95;104.09;103.73;4.34;3.07;113.49
514;0;171.77;104.19;103.69;4.17;2.85;112.89
515;0;171.43;104.42;103.41;4.06;3.13;113.26
516;0;172.21;103.25;103.78;4.48;3.0;113.25
517;0;171.91;104.34;103.73;3.71;2.95;113.69
518;0;171.53;103.69;103.51;3.97;3.08;112.71
519;0;171.36;104.15;103.76;3.44;3.31;112.76
520;0;172.13;103.76;103.33;4.37;3.48;113.34
521;0;172.12;103.66;104.22;3.81;3.04;112.97
522;0;171.89;104.3;103.57;3.98;2.75;112.92
523;0;172.02;104.42;102.91;3.86;3.12;113.43
524;0;172.13;103.57;103.8;4.4;3.16;113.75
525;0;172.09;103.61;103.9;4.58;3.26;112.88
526;0;171.97;103.61;103.6;4.89;3.17;112.96
527;0;171.88;103.61;103.9;4.4;3.0;112.97
528;0;171.92;103.79;103.34;3.84;2.8;113.0
529;0;172.32;103.69;103.6;4.24;3.29;112.74
530;0;172.16;104.17;103.27;4.1;3.11;113.08
531;0;171.9;103.94;103.38;3.67;2.87;113.28
532;0;172.22;104.0;103.98;3.99;3.41;112.94
533;0;171.73;103.77;103.95;4.25;3.08;112.75
534;0;172.33;103.73;103.8;3.77;2.86;113.58
535;0;171.76;104.04;103.88;4.18;3.21;113.15
536;0;171.68;104.18;103.89;4.4;3.33;113.21
537;0;172.38;103.64;103.81;4.46;3.14;114.07
538;0;171.61;103.86;104.06;4.31;3.1;112.64
539;0;171.9;104.5;103.49;4.08;2.82;113.5
540;0;171.87;103.75;103.55;3.86;2.82;113.38
541;0;171.96;103.68;103.84;4.46;3.07;112.74
542;0;171.49;103.63;103.83;3.85;3.26;113.1
543;0;171.64;103.95;103.45;3.98;3.11;113.21
544;0;172.3;103.98;103.72;4.28;3.01;112.97
545;0;172.25;104.08;103.59;4.52;3.01;113.46
546;0;171.99;103.75;104.14;4.19;2.82;112.83
547;0;171.73;103.76;103.91;4.28;3.17;113.09
548;0;172.37;104.41;103.75;3.71;2.8;113.41
549;0;172.05;103.75;103.47;4.19;2.98;112.89
550;0;171.89;104.22;104.18;4.11;2.89;113.53
551;0;171.79;104.37;103.37;4.31;3.18;113.61
552;0;171.56;103.44;104.09;4.41;2.97;113.59
553;0;171.86;103.93;103.8;4.27;2.86;113.97
554;0;171.51;104.49;103.4;3.85;3.12;112.76
555;0;171.61;103.76;103.89;4.02;3.17;112.81
556;0;172.07;104.18;104.1;4.47;2.7;113.99
557;0;171.83;104.54;103.91;4.11;3.05;113.55
558;0;171.24;103.81;103.74;4.69;3.29;113.53
559;0;171.81;103.79;103.94;4.14;3.08;112.62
560;0;172.12;103.59;103.77;3.74;3.21;113.32
561;0;172.09;104.02;103.79;3.8;3.28;112.98
562;0;172.25;103.71;103.97;3.93;3.0;113.38
563;0;172.45;103.78;103.79;3.9;2.87;112.34
564;0;171.87;103.99;104.11;3.66;3.15;113.35
565;0;172.0;104.1;104.36;3.83;2.92;113.0
566;0;172.23;104.0;103.35;4.43;2.95;113.12
567;0;172.15;103.51;103.76;4.26;3.13;112.94
568;0;172.13;104.08;103.64;3.93;2.82;112.85
569;0;172.05;104.11;104.07;3.6;2.78;112.93
570;0;171.93;104.08;103.78;4.03;2.85;113.61
571;0;171.57;104.07;103.85;3.82;3.44;113.4
572;0;171.95;103.76;103.99;3.25;2.78;113.2
573;0;171.83;103.8;104.22;4.66;2.76;113.25
574;0;172.28;104.09;104.2;3.66;2.83;113.48
575;0;172.35;104.13;103.58;4.75;3.19;113.42
576;0;171.99;104.1;103.57;3.64;3.42;113.64
577;0;172.03;103.63;104.0;3.7;3.37;113.77
578;0;172.01;103.62;103.26;4.91;2.86;113.16
579;0;172.53;103.8;103.82;4.64;3.28;113.54
580;0;172.03;104.19;104.01;3.99;3.04;113.15
581;0;171.76;104.48;104.01;4.35;3.37;113.09
582;0;172.51;103.57;104.27;3.72;3.33;113.47
583;0;172.13;103.99;104.22;3.61;2.91;113.39
584;0;171.68;103.84;103.98;3.52;3.01;113.45
585;0;171.98;104.18;103.96;4.41;2.84;113.01
586;0;171.97;104.04;103.82;4.04;3.38;113.05
587;0;171.89;104.33;103.97;3.95;3.17;113.12
588;0;171.74;103.72;103.52;3.94;2.77;113.09
589;0;171.92;103.67;104.24;4.11;3.09;113.23
590;0;172.04;104.16;104.05;4.0;3.28;112.78
591;0;171.85;103.58;104.17;4.32;3.07;113.59
592;0;171.67;103.81;103.76;4.59;3.3;112.18
593;0;171.99;103.54;103.44;3.8;3.08;113.04
594;0;172.29;104.46;104.42;3.97;2.9;113.38
595;0;171.65;103.43;103.83;4.36;3.1;113.53
596;0;171.96;103.83;103.87;3.52;2.71;113.52
597;0;172.24;104.51;103.9;4.06;2.88;112.58
598;0;171.95;103.85;104.28;4.13;3.22;113.24
599;0;171.67;103.88;103.94;4.2;2.93;112.84
600;0;172.31;103.93;103.32;4.73;2.85;113.23
601;0;172.2;103.82;103.74;4.22;3.03;113.69
602;0;171.74;103.25;104.07;3.8;2.95;113.07
603;0;171.68;103.88;104.14;4.0;2.96;113.71
604;0;172.08;104.03;103.42;3.79;2.77;113.27
605;0;172.45;103.85;103.89;4.03;3.03;113.24
606;0;172.37;104.26;103.87;4.47;3.12;112.82
607;0;171.52;104.52;103.96;3.43;3.01;113.44
608;0;171.91;104.17;103.62;4.01;2.89;112.73
609;0;172.34;104.5;103.66;4.19;3.08;112.68
610;0;172.53;103.47;103.99;3.84;2.71;112.74
611;0;171.8;103.71;103.67;4.48;3.18;112.76
613;0;171.95;103.35;103.76;3.85;3.29;113.07
614;0;172.45;104.52;103.72;4.12;3.34;113.06
615;0;172.4;103.86;103.88;3.87;2.97;113.49
616;0;171.95;103.77;103.81;4.13;3.09;113.24
617;0;172.51;104.23;103.85;4.74;2.91;112.81
618;0;172.36;103.89;103.67;4.34;3.07;113.75
619;0;172.22;103.75;103.55;3.93;3.05;113.48
620;0;172.26;104.06;103.99;4.03;2.84;113.14
621;0;171.87;103.4;103.82;4.06;2.94;113.02
622;0;171.99;103.69;103.51;3.9;3.02;113.04
623;0;171.56;104.32;104.33;3.92;2.97;113.04
624;0;171.85;104.33;104.03;4.23;3.19;112.46
625;0;172.09;103.98;103.39;4.1;2.95;112.79
626;0;172.05;103.42;104.1;4.45;2.99;112.67
627;0;171.98;104.44;104.08;4.67;3.21;112.73
628;0;172.0;104.23;103.74;4.41;2.76;112.96
629;0;171.44;103.52;103.49;4.09;3.12;113.23
630;0;172.01;104.03;103.67;3.9;3.18;112.61
631;0;172.49;104.33;104.03;4.28;3.07;112.71
632;0;172.75;104.33;103.97;4.34;3.14;113.12
633;0;171.66;104.17;104.16;4.75;2.94;113.52
634;0;172.4;104.19;103.98;4.08;2.93;113.44
635;0;172.2;103.93;103.49;3.8;2.99;113.63
636;0;172.21;104.27;104.01;4.23;2.79;113.78
637;0;171.13;104.28;103.14;4.16;2.92;113.0
638;0;171.51;103.85;103.36;4.49;2.8;113.87
639;0;171.81;104.1;103.69;4.29;2.95;112.72
640;0;171.88;103.66;103.52;4.66;2.75;113.25
641;0;171.91;104.34;103.77;4.45;2.95;112.66
642;0;171.79;103.51;103.25;4.05;3.08;112.71
643;0;171.85;103.9;103.74;4.13;3.07;113.15
644;0;172.07;103.83;103.71;4.44;2.99;113.11
645;0;171.81;103.91;103.78;3.66;3.28;113.59
646;0;171.73;103.82;103.85;3.97;3.12;112.85
647;0;171.59;103.23;103.64;4.01;2.94;113.59
648;0;171.71;103.83;103.51;3.8;3.02;113.01
649;0;172.22;104.48;104.06;4.59;2.91;112.82
650;0;171.59;104.06;103.99;3.93;3.24;112.8
651;0;172.32;104.16;104.14;3.78;3.25;113.38
652;0;171.62;103.49;103.58;3.95;3.0;113.1
653;0;172.14;103.74;103.52;4.56;2.83;113.43
654;0;172.53;103.99;103.55;4.5;3.1;113.03
656;0;172.09;104.06;103.9;3.97;3.32;113.09
657;0;172.07;103.97;103.84;4.05;3.12;113.18
658;0;171.82;103.77;103.79;4.36;2.77;113.79
659;0;172.19;104.05;103.81;3.9;3.22;113.52
660;0;171.84;103.75;103.38;4.08;2.7;113.72
661;0;172.14;104.01;104.0;3.64;3.16;113.37
662;0;171.69;104.22;104.62;4.11;3.25;113.4
663;0;171.83;103.76;103.76;4.4;2.88;113.84
664;0;171.8;103.78;103.65;3.73;3.12;113.63
665;0;172.05;103.7;103.75;5.04;2.27;113.55
666;0;172.57;104.65;104.44;4.54;2.99;113.16
667;0;172.38;103.55;103.8;3.97;2.9;113.3
668;0;171.58;103.65;103.37;3.54;3.19;113.38
669;0;171.96;103.51;103.75;4.06;3.33;113.53
670;0;172.14;104.34;104.2;4.63;3.02;112.47
671;0;172.27;104.29;104.22;3.89;3.53;113.5
672;0;172.07;103.64;103.67;3.86;3.2;113.83
673;0;172.19;104.61;103.69;4.0;3.26;112.91
674;0;171.82;103.78;103.76;3.81;3.25;113.36
675;0;172.04;103.94;103.76;3.81;3.24;113.41
677;0;171.69;103.9;104.13;4.07;2.92;113.52
678;0;172.05;103.9;103.76;4.52;2.71;113.42
679;0;172.15;103.65;103.66;3.6;3.5;113.24
680;0;171.75;104.16;104.0;4.19;3.03;113.55
681;0;172.03;103.87;103.4;4.29;3.01;113.09
682;0;172.49;104.44;103.98;4.08;3.07;113.16
683;0;172.24;104.51;103.97;4.18;3.22;113.21
684;0;172.59;104.22;104.01;4.47;2.95;113.19
685;0;172.13;103.76;103.85;3.65;3.24;112.92
686;0;172.21;104.28;104.37;4.06;3.3;113.92
687;0;172.41;104.14;104.06;4.45;2.94;113.98
688;0;172.02;104.23;104.26;4.92;2.89;113.49
689;0;172.11;103.67;103.43;4.19;2.98;113.09
690;0;172.22;103.75;103.49;3.69;3.17;113.14
691;0;172.33;103.83;103.54;3.98;3.18;113.31
692;0;171.64;103.58;103.46;3.72;3.2;113.3
693;0;172.49;103.92;103.91;4.42;2.84;113.38
694;0;172.0;104.32;104.26;4.53;3.04;112.93
695;0;171.49;103.77;103.6;4.01;3.09;112.95
696;0;172.1;103.98;103.86;4.47;3.06;113.0
697;0;171.81;103.96;103.47;4.0;3.0;113.1
698;0;171.9;104.0;104.07;4.52;3.09;113.6
699;0;172.24;103.97;104.11;4.02;2.84;113.15
700;0;171.71;103.52;103.34;4.12;3.31;113.15
701;0;172.22;103.96;103.97;4.94;2.99;113.01
702;0;172.03;103.64;103.59;3.63;3.04;112.96
703;0;172.11;104.06;104.21;4.42;3.06;113.18
704;0;172.1;103.85;103.68;4.25;2.91;113.4
705;0;171.75;103.6;103.4;4.02;2.84;112.9
706;0;172.46;103.75;104.02;4.26;3.22;113.63
707;0;172.17;103.31;103.89;4.38;3.13;113.48
708;0;172.48;104.56;104.03;3.79;2.97;113.65
709;0;171.99;104.03;103.43;4.08;2.98;113.28
710;0;172.07;104.21;103.82;4.29;3.35;113.3
712;0;172.43;103.6;104.12;4.57;3.08;112.95
713;0;172.09;103.68;103.99;3.74;3.28;113.27
714;0;171.56;103.92;103.5;4.41;2.66;113.55
715;0;172.03;104.69;103.87;4.17;2.79;112.85
716;0;172.36;104.11;103.31;4.04;2.98;113.37
717;0;171.77;103.92;103.9;4.61;2.95;112.95
718;0;172.43;103.97;103.93;3.99;3.08;112.66
719;0;172.43;103.58;103.77;3.95;2.62;112.81
720;0;171.79;103.65;103.61;4.19;3.06;113.6
721;0;171.86;103.47;103.59;4.04;2.97;113.22
722;0;171.65;103.95;103.61;4.03;3.25;113.06
723;0;172.3;104.04;103.93;4.33;2.92;113.19
724;0;171.99;103.97;103.89;4.22;3.17;113.12
725;0;172.16;104.43;104.06;4.51;3.19;112.69
726;0;171.73;103.6;103.34;3.82;3.15;112.89
727;0;171.79;103.74;103.48;4.6;2.8;113.35
728;0;172.05;103.72;103.81;4.21;2.97;113.61
729;0;171.94;104.11;104.16;4.08;3.35;111.76
730;0;171.04;103.84;103.64;4.22;3.36;112.7
731;0;172.17;103.93;103.62;4.06;3.08;113.1
732;0;171.97;103.69;104.17;4.32;3.0;112.82
733;0;171.52;103.92;103.66;3.81;3.15;113.54
734;0;172.1;103.94;103.75;3.66;3.2;113.78
735;0;171.35;103.7;103.43;3.71;3.22;113.28
736;0;171.92;103.93;104.06;4.38;2.97;113.01
737;0;171.69;103.85;103.53;3.86;3.19;112.68
738;0;172.16;104.39;103.85;3.77;3.32;112.55
739;0;171.7;103.88;103.56;3.89;3.03;113.6
741;0;171.95;103.84;103.68;3.79;3.09;112.68
742;0;172.17;103.75;103.29;4.43;2.88;113.38
744;0;172.3;104.58;104.17;4.36;3.33;112.98
745;0;172.1;103.95;103.72;4.49;3.07;113.15
746;0;172.16;103.92;103.76;4.35;2.84;113.21
747;0;172.02;103.73;103.31;4.35;3.07;113.62
748;0;171.91;104.28;103.92;3.64;3.36;113.15
749;0;171.99;103.91;103.79;4.05;3.11;113.67
750;0;171.77;103.73;103.48;4.21;2.92;113.24
751;0;171.69;104.05;103.73;3.87;3.21;113.56
752;0;172.67;104.69;104.18;4.31;2.94;113.59
753;0;171.45;104.21;104.19;3.91;3.01;113.11
754;0;171.96;103.4;104.29;3.77;3.24;112.87
755;0;172.34;104.2;103.69;3.32;3.09;113.44
756;0;171.62;104.12;103.81;4.38;3.13;112.64
757;0;171.72;103.95;104.11;3.75;3.13;113.51
758;0;172.44;104.06;103.79;4.28;3.16;113.31
759;0;171.66;104.12;103.94;4.44;3.19;113.25
760;0;172.24;104.06;103.53;4.13;2.89;112.38
761;0;171.54;103.7;103.89;3.88;3.1;113.06
762;0;172.16;103.93;103.04;4.14;2.99;113.26
763;0;172.02;104.01;103.57;4.5;2.77;112.72
764;0;172.41;104.43;103.65;3.97;3.35;113.71
765;0;171.74;103.59;103.94;3.96;3.12;113.71
766;0;171.91;103.88;103.79;4.17;3.29;113.38
767;0;172.46;103.89;103.74;3.57;3.02;112.7
768;0;172.62;104.0;104.03;4.31;3.29;113.1
769;0;171.69;103.91;103.26;4.04;3.22;113.56
770;0;171.99;103.27;103.31;3.78;3.0;113.51
771;0;171.8;104.17;103.8;4.67;2.88;113.03
772;0;172.1;104.3;103.74;3.85;2.76;113.1
773;0;172.12;103.95;104.08;4.5;3.06;113.18
774;0;172.03;103.93;103.53;4.43;3.1;113.37
775;0;172.0;103.69;103.91;4.12;3.33;112.84
776;0;172.53;104.29;103.87;4.17;2.98;112.64
777;0;171.26;103.87;104.41;4.43;2.88;113.9
778;0;172.26;104.03;103.98;3.97;2.97;112.89
779;0;171.92;103.6;103.92;4.33;3.02;113.16
780;0;172.13;103.34;103.62;3.93;2.86;113.66
782;0;171.93;104.34;103.72;3.78;2.93;113.52
783;0;172.25;104.02;104.16;3.87;3.16;113.77
784;0;172.28;104.03;104.14;4.48;3.07;113.32
785;0;172.51;103.78;103.94;4.24;3.39;113.13
786;0;172.19;103.42;103.61;4.18;3.12;112.74
787;0;171.42;103.33;103.54;3.87;3.39;112.87
788;0;172.25;103.96;103.49;4.5;3.29;113.29
789;0;171.99;103.67;103.76;3.12;2.99;113.22
790;0;172.0;103.84;103.72;4.77;2.87;113.84
791;0;171.55;104.05;104.05;4.29;2.99;113.37
792;0;171.82;103.67;103.8;4.6;3.49;113.32
793;0;172.28;103.98;103.98;4.51;2.92;113.07
794;0;172.47;104.46;103.41;4.4;2.99;113.36
795;0;171.88;103.84;103.87;4.18;3.54;113.31
796;0;171.9;103.81;103.8;4.15;3.01;112.82
797;0;171.64;103.75;104.17;4.17;2.98;113.14
798;0;171.96;104.18;104.04;4.57;2.86;113.58
800;0;172.5;104.03;103.79;4.27;2.9;112.72
801;0;171.96;104.09;103.67;3.75;2.58;113.28
802;0;172.19;103.84;104.62;4.14;3.21;113.45
803;0;171.35;104.62;103.58;4.32;2.88;113.42
804;0;171.87;103.27;104.5;3.85;3.03;113.19
805;0;171.34;103.95;103.29;4.89;2.76;112.58
806;0;171.38;103.75;103.16;4.32;3.02;113.25
807;0;171.91;103.99;103.76;3.62;3.04;113.0
808;0;171.36;103.61;103.96;3.97;3.22;113.45
809;0;172.16;104.36;104.02;4.11;2.97;113.55
810;0;172.01;103.51;103.48;4.42;3.13;113.5
811;0;172.17;104.44;103.31;4.15;3.31;112.96
812;0;171.56;103.81;103.8;4.24;3.35;113.8
813;0;171.58;103.34;103.82;3.53;2.92;113.63
814;0;172.29;103.95;103.99;3.86;2.83;113.35
815;0;171.87;103.94;103.22;3.71;3.09;113.19
816;0;171.9;104.22;103.56;3.52;3.2;113.23
817;0;171.84;103.62;103.93;4.29;2.95;113.22
818;0;172.21;103.96;103.55;3.91;2.73;113.36
819;0;172.15;104.13;103.52;4.0;3.09;112.93
820;0;172.2;104.01;103.74;4.06;3.17;112.94
821;0;171.88;104.44;103.5;4.53;3.06;113.52
822;0;172.29;104.04;103.94;3.81;3.0;113.6
823;0;171.97;103.79;103.56;4.17;3.11;113.58
824;0;171.86;103.78;103.5;3.88;3.08;113.62
825;0;172.1;104.09;103.83;4.49;3.25;113.37
826;0;171.94;104.03;103.49;4.16;2.87;113.05
827;0;172.21;103.95;103.74;3.79;2.99;113.51
828;0;172.45;103.94;103.9;4.28;2.85;113.37
829;0;172.92;103.55;103.94;4.78;3.27;113.55
830;0;172.26;104.14;103.73;4.41;2.96;112.91
831;0;171.49;103.94;103.85;4.32;3.32;113.67
832;0;172.1;103.57;103.8;4.2;3.02;113.27
833;0;171.8;104.3;103.58;4.75;3.0;112.94
834;0;172.22;103.71;103.43;4.13;3.06;113.42
835;0;172.07;103.61;104.34;4.34;2.85;113.03
836;0;172.15;104.08;104.1;4.34;2.78;113.33
837;0;172.52;103.98;103.74;4.66;3.19;113.44
838;0;172.18;103.6;103.76;3.59;2.75;112.24
839;0;171.72;103.96;103.19;3.81;2.83;113.27
840;0;172.09;104.2;103.85;4.87;3.04;113.24
841;0;172.48;103.71;103.79;3.91;2.96;112.49
842;0;172.36;103.92;103.08;3.69;3.1;112.88
843;0;172.89;103.77;104.24;4.12;3.01;113.72
844;0;172.61;103.98;103.73;3.87;3.16;113.11
847;0;171.83;104.01;103.88;4.18;3.04;112.69
848;0;172.14;104.07;103.83;3.79;3.14;113.85
849;0;172.44;104.26;103.56;3.48;3.12;112.7
850;0;172.02;104.07;104.13;3.72;2.96;112.56
851;0;172.19;103.77;103.39;4.17;3.17;113.14
852;0;172.16;103.76;103.72;4.18;3.02;113.43
853;0;171.92;103.72;103.66;4.41;2.65;113.4
854;0;171.74;104.0;103.83;3.95;3.03;114.15
855;0;171.87;103.95;103.52;3.94;3.02;113.33
856;0;172.26;104.66;103.58;4.36;2.8;112.44
857;0;171.94;104.52;103.77;4.1;3.08;112.75
858;0;172.18;104.04;104.12;4.26;3.34;113.67
859;0;172.3;104.18;104.1;4.52;3.02;113.02
860;0;171.85;103.85;103.45;3.85;3.09;113.1
861;0;171.38;103.83;103.99;4.44;3.12;113.48
862;0;171.86;104.21;103.74;4.43;2.9;113.65
863;0;172.08;103.78;103.13;3.44;2.88;113.22
864;0;171.97;104.0;103.37;3.86;3.21;112.87
865;0;171.68;103.54;104.31;3.9;3.1;112.91
866;0;172.34;103.94;103.91;4.13;3.23;112.85
867;0;171.67;103.76;103.59;3.82;3.17;112.77
868;0;172.12;104.32;103.19;4.04;3.28;113.11
869;0;172.23;103.87;104.05;3.9;3.09;113.38
870;0;172.25;104.21;103.79;3.84;3.25;112.71
871;0;172.14;104.34;103.98;3.84;2.98;113.05
873;0;171.66;104.42;103.5;3.76;3.2;112.94
874;0;172.29;103.93;103.82;4.25;3.11;113.54
875;0;172.22;103.75;103.91;4.5;3.19;113.06
876;0;171.94;104.09;103.28;3.98;3.13;113.53
877;0;172.18;103.85;103.67;3.83;2.96;113.09
878;0;171.95;103.62;103.91;4.91;2.9;113.17
879;0;172.27;104.21;103.59;3.9;3.07;113.31
880;0;172.34;104.14;104.06;4.11;3.01;113.78
881;0;171.71;104.31;104.1;4.54;3.12;113.11
882;0;171.54;104.36;103.83;3.86;3.06;112.92
883;0;172.16;103.77;103.63;4.06;3.12;113.02
884;0;171.73;104.38;103.26;4.0;3.04;112.72
885;0;172.57;103.78;103.65;4.27;3.04;113.0
886;0;171.71;104.14;103.99;4.49;3.15;113.21
887;0;172.0;104.35;103.29;3.73;3.11;113.18
888;0;172.08;104.04;104.08;3.66;3.3;113.41
889;0;172.15;104.28;103.67;4.28;3.24;113.35
890;0;172.31;103.94;103.89;4.0;3.2;113.8
891;0;172.35;104.04;104.18;4.47;3.03;113.15
892;0;172.16;103.63;103.59;4.25;3.38;113.58
893;0;172.63;104.13;104.17;3.77;3.45;113.34
894;0;172.2;103.52;103.78;3.66;3.4;113.35
895;0;172.02;103.67;104.22;4.4;3.04;113.33
897;0;171.66;104.0;103.47;3.9;2.99;112.65
898;0;172.0;103.65;103.83;2.98;2.76;113.17
899;0;171.95;103.65;103.9;3.98;3.2;112.68
900;0;172.39;103.98;104.05;4.26;2.98;113.41
901;0;171.65;103.84;104.25;3.56;3.22;113.63
902;0;171.83;104.08;103.7;3.28;2.88;113.56
903;0;171.5;104.27;104.04;3.97;3.37;112.98
904;0;171.41;104.03;104.21;4.26;3.11;113.49
905;0;172.16;104.1;103.78;3.84;3.03;113.13
906;0;171.99;104.76;104.55;4.39;3.02;113.7
907;0;172.32;103.97;104.33;4.06;3.08;113.73
908;0;171.99;104.44;103.88;4.04;2.89;113.01
909;0;172.22;104.05;103.86;4.68;3.05;113.04
910;0;171.62;103.8;103.48;4.16;3.35;112.83
911;0;171.84;104.03;103.88;4.31;3.18;113.07
912;0;172.05;103.75;104.15;4.39;2.87;112.83
913;0;172.25;103.93;103.49;4.17;2.8;113.56
914;0;171.98;103.75;103.83;4.39;3.32;112.97
915;0;171.65;103.82;103.37;4.37;2.98;113.04
916;0;172.37;104.11;104.09;4.78;3.09;113.42
917;0;171.64;103.9;104.07;3.6;3.39;113.18
918;0;171.99;103.62;103.42;3.48;3.37;112.94
919;0;172.48;103.59;104.03;4.1;2.74;112.78
921;0;171.85;103.27;103.96;4.0;2.65;113.62
922;0;171.36;103.72;104.76;4.17;2.88;113.14
923;0;172.24;103.95;103.52;4.33;2.88;113.48
924;0;171.49;104.24;104.32;3.58;3.07;113.8
925;0;172.45;103.99;104.39;3.43;2.66;112.93
926;0;171.82;103.61;103.84;3.99;2.73;113.4
927;0;172.15;103.98;103.89;4.21;3.08;113.61
928;0;172.18;104.65;103.81;3.95;3.07;113.03
929;0;172.39;104.08;103.76;3.85;2.95;113.23
930;0;172.13;104.1;103.69;4.39;2.86;113.06
931;0;172.36;103.52;103.7;4.17;3.29;113.33
932;0;171.83;104.01;103.92;4.35;3.08;112.47
933;0;171.77;104.27;103.94;4.34;2.87;113.21
934;0;172.05;103.78;103.81;4.17;3.08;113.35
935;0;172.17;104.27;104.32;4.52;3.32;113.48
936;0;171.52;103.85;103.75;3.95;3.09;112.97
937;0;172.17;104.06;103.37;4.32;3.31;113.66
938;0;171.64;103.6;103.76;4.42;2.98;112.94
939;0;172.19;104.08;104.17;4.17;3.26;113.07
940;0;171.94;104.64;103.7;4.36;2.98;112.83
941;0;171.9;104.11;103.69;3.68;3.08;112.74
942;0;172.13;103.35;104.17;4.23;3.27;113.06
943;0;172.1;104.17;103.78;4.61;2.84;113.35
944;0;171.79;103.56;103.77;4.15;2.8;112.67
945;0;171.66;103.68;103.41;4.35;3.33;113.74
948;0;171.9;104.08;103.94;4.17;2.97;113.05
949;0;171.84;104.39;103.83;3.77;2.97;113.05
950;0;172.02;103.89;103.93;4.14;3.18;113.75
951;0;172.4;104.09;103.74;3.74;3.13;113.46
952;0;171.95;103.86;103.8;4.51;2.87;112.17
953;0;172.39;104.2;103.88;3.95;3.36;113.07
954;0;171.66;103.54;104.16;4.0;3.33;113.53
955;0;171.77;103.63;103.59;3.52;3.32;112.77
956;0;172.37;104.06;103.69;4.09;2.87;113.68
957;0;172.22;103.72;103.8;4.36;3.22;112.84
958;0;172.24;103.8;104.36;4.18;2.99;113.81
959;0;172.15;103.84;103.32;4.21;3.03;112.89
960;0;172.31;103.98;103.53;4.04;2.97;113.47
961;0;171.87;103.88;104.07;3.8;2.9;113.36
962;0;171.79;103.77;104.0;4.1;3.05;112.67
963;0;172.12;103.64;103.65;4.23;3.18;112.67
964;0;172.09;103.65;103.25;3.96;2.85;113.2
965;0;171.84;103.72;103.57;4.33;2.83;113.31
966;0;171.42;104.79;104.16;3.45;3.16;112.64
967;0;171.92;104.57;104.17;4.09;2.88;113.12
968;0;172.36;104.09;103.75;3.98;2.93;112.7
969;0;172.06;103.56;103.76;3.83;3.05;113.42
970;0;171.75;103.6;103.06;4.03;2.98;112.96
971;0;172.06;104.45;103.73;4.18;3.5;113.36
972;0;171.57;103.58;104.06;3.86;2.94;113.03
973;0;171.4;103.88;103.54;3.75;2.8;113.01
974;0;172.41;104.1;103.9;4.06;3.14;112.61
975;0;172.06;104.08;103.47;4.47;2.97;114.32
976;0;172.43;104.04;104.26;4.56;3.24;112.82
977;0;172.31;104.29;103.72;3.98;2.87;112.4
978;0;171.62;103.94;104.14;4.59;3.3;113.5
979;0;172.43;103.65;104.3;4.09;2.94;113.06
980;0;172.0;103.76;104.07;4.36;2.59;113.64
981;0;172.12;104.08;104.49;4.09;3.56;113.5
983;0;171.43;104.52;103.42;4.05;2.82;113.02
984;0;172.33;103.69;103.66;3.76;3.09;113.66
985;0;171.63;103.7;103.63;4.21;3.25;112.76
986;0;171.88;103.87;104.02;4.12;3.33;112.47
987;0;171.92;103.61;103.83;4.08;2.72;112.4
988;0;171.83;103.77;103.84;4.1;3.1;113.1
989;0;172.25;103.99;103.84;3.81;2.99;113.36
990;0;171.68;103.9;103.68;3.78;2.74;113.6
991;0;171.74;103.9;103.6;3.87;2.89;113.36
992;0;172.21;104.42;103.53;4.48;3.05;113.11
993;0;171.79;103.69;103.68;3.65;2.77;112.78
994;0;171.91;103.73;103.51;4.6;3.1;113.53
995;0;172.11;104.12;103.83;3.9;2.72;113.28
996;0;171.66;103.92;103.47;4.26;2.83;113.2
997;0;172.16;103.72;103.61;4.3;2.72;113.51
998;0;171.78;103.38;104.22;4.23;3.07;113.77
999;0;171.44;103.96;103.92;3.68;2.89;113.21
1000;0;171.56;104.07;103.58;3.55;3.02;112.96
73;0;171.94;103.89;103.45;4.1;3.25;112.79
100;0;171.93;104.07;104.18;4.11;3.14;113.08
152;0;172.07;103.8;104.38;4.12;3.02;112.93
198;0;171.45;103.66;103.8;4.08;3.62;113.27
242;0;171.83;104.14;104.06;4.12;3.02;112.36
252;0;171.8;103.26;102.82;4.13;2.95;113.22
285;0;171.92;103.83;103.76;4.11;3.23;113.29
335;0;171.85;103.7;103.96;4.12;3.0;113.36
411;0;172.56;103.72;103.51;4.11;3.12;112.95
414;0;172.3;103.66;103.5;4.11;3.16;112.95
446;0;172.34;104.42;103.22;4.12;3.01;112.97
482;0;171.81;103.53;103.96;4.14;2.71;113.99
506;0;172.01;103.97;104.05;4.12;2.98;113.65
612;0;171.8;103.68;103.49;4.1;3.3;112.84
655;0;171.97;103.69;103.54;4.14;2.7;112.79
676;0;171.6;103.85;103.91;4.15;2.56;113.27
711;0;172.03;103.97;103.86;4.12;3.07;112.65
740;0;172.07;103.74;103.76;4.12;3.09;112.41
743;0;172.14;104.06;103.96;4.1;3.24;113.07
781;0;172.41;103.95;103.79;4.11;3.13;113.41
799;0;171.96;103.84;103.62;4.12;3.01;114.44
845;0;171.62;104.14;104.49;4.12;2.99;113.35
846;0;172.02;104.21;104.05;4.13;2.9;113.62
872;0;171.37;104.07;103.75;4.12;3.07;113.27
896;0;171.81;103.68;103.8;4.12;2.98;113.82
920;0;171.92;103.68;103.45;4.15;2.58;113.68
946;0;172.09;103.74;103.52;4.12;3.02;112.78
947;0;171.63;103.87;104.66;4.1;3.27;112.68
982;0;172.02;104.23;103.72;4.12;2.99;113.37
1001;1;172.28;103.95;103.91;4.78;3.31;111.4
1002;1;171.92;103.86;104.3;4.96;3.13;111.29
1003;1;171.59;104.14;104.38;4.97;3.47;111.22
1004;1;172.02;104.33;104.33;5.19;3.21;111.99
1005;1;172.55;104.25;104.23;5.6;3.13;111.72
1006;1;171.88;104.3;104.18;5.34;3.33;112.69
1007;1;171.63;104.05;104.25;4.61;3.1;110.91
1008;1;171.83;104.13;104.52;4.94;3.27;111.72
1009;1;172.3;104.28;103.9;5.1;3.57;110.66
1010;1;172.09;104.26;103.96;4.45;3.31;111.25
1011;1;171.43;103.85;103.94;4.37;3.23;111.71
1012;1;172.09;104.44;104.24;4.9;3.13;111.93
1013;1;171.37;103.73;104.18;4.97;3.34;110.98
1014;1;171.98;104.18;103.59;5.44;3.39;112.07
1015;1;171.73;103.99;103.86;5.55;3.33;111.28
1016;1;171.86;104.51;104.29;5.97;3.54;110.76
1017;1;171.99;104.23;104.33;5.13;3.21;110.99
1018;1;171.81;104.37;104.18;5.9;3.52;110.95
1019;1;171.79;104.18;103.87;5.55;3.25;111.88
1020;1;172.16;104.03;104.44;5.33;3.33;111.21
1021;1;171.14;104.31;104.3;5.46;3.29;111.57
1022;1;171.91;104.2;103.57;4.53;3.52;111.14
1023;1;172.89;104.03;104.03;6.03;3.0;110.95
1024;1;172.02;104.26;104.2;6.2;3.58;111.25
1025;1;171.52;104.05;104.31;4.24;3.7;112.6
1026;1;172.17;104.2;104.13;3.86;3.38;112.44
1027;1;171.88;103.85;103.96;5.1;3.31;112.64
1028;1;171.63;104.02;104.66;6.7;3.28;111.28
1029;1;171.74;104.05;103.93;5.38;3.49;111.34
1030;1;171.96;104.29;104.03;6.01;3.91;110.83
1031;1;171.96;104.45;104.48;5.31;3.42;111.75
1032;1;172.4;104.0;103.82;6.33;3.1;112.11
1033;1;172.08;104.22;104.41;4.51;3.3;111.4
1034;1;171.72;104.06;103.8;5.69;3.64;111.77
1035;1;172.35;103.79;104.35;5.18;3.35;112.02
1036;1;172.05;104.37;104.14;5.38;3.27;111.14
1037;1;171.58;104.13;104.67;5.86;3.52;112.47
1038;1;172.09;104.24;103.83;5.1;3.37;111.69
1039;1;172.08;104.1;103.96;5.64;3.13;111.51
1040;1;171.65;104.12;104.33;5.56;3.19;111.48
1041;1;171.91;104.08;104.16;5.91;3.41;111.32
1042;1;171.77;104.12;104.42;6.65;3.63;111.53
1043;1;171.75;103.99;104.21;4.74;3.4;110.5
1044;1;172.05;104.29;103.8;4.94;3.27;111.33
1045;1;171.55;104.18;103.83;4.46;3.42;111.6
1046;1;172.4;104.05;103.94;5.01;3.43;111.53
1047;1;172.07;104.36;104.04;5.6;3.29;111.73
1048;1;171.78;103.95;104.27;4.64;3.29;110.73
1049;1;172.16;104.24;104.47;6.08;3.49;111.59
1050;1;171.69;104.09;104.49;5.28;3.51;112.68
1051;1;171.96;104.24;103.75;5.5;3.29;111.08
1052;1;171.81;103.91;104.77;5.28;3.58;111.33
1053;1;172.13;104.09;104.16;5.45;3.38;111.79
1054;1;171.85;104.52;104.05;6.21;3.43;111.96
1055;1;172.39;104.16;103.92;5.66;3.39;111.83
1056;1;171.74;104.07;104.08;5.06;3.52;111.76
1057;1;171.5;104.32;104.66;4.92;3.33;111.95
1058;1;172.02;104.43;104.37;5.59;3.06;110.35
1059;1;171.98;104.33;104.28;4.86;3.45;111.55
1060;1;172.15;104.41;104.4;5.64;3.25;111.05
1061;1;171.75;104.34;104.58;4.26;3.29;110.98
1062;1;172.02;104.06;104.16;4.74;3.35;110.94
1063;1;171.65;104.19;103.96;5.37;2.99;112.86
1064;1;171.44;103.99;104.04;4.81;3.49;111.74
1065;1;171.87;104.16;104.44;6.04;3.32;111.99
1066;1;171.87;104.21;103.82;4.81;3.12;112.06
1067;1;171.92;104.39;103.93;5.18;3.02;111.44
1068;1;171.37;104.08;104.16;5.55;3.55;111.56
1069;1;171.89;104.49;104.38;5.2;3.63;110.48
1070;1;171.21;104.29;104.41;5.14;3.26;111.16
1071;1;172.08;104.38;104.22;5.51;3.41;111.42
1072;1;171.5;103.9;103.98;4.82;3.4;112.07
1073;1;171.41;104.06;104.42;5.04;3.4;111.02
1074;1;172.13;103.67;103.82;4.27;3.22;112.15
1075;1;172.14;104.49;103.76;4.36;3.24;110.36
1076;1;172.02;104.51;103.69;6.23;3.39;112.35
1078;1;171.8;104.12;104.06;5.66;3.29;111.09
1079;1;172.21;104.4;104.28;5.28;3.42;112.99
1080;1;172.17;104.33;104.24;4.93;3.43;112.06
1081;1;172.23;103.83;104.29;5.61;3.47;111.72
1082;1;171.82;103.9;103.67;4.79;3.36;112.43
1083;1;171.75;103.96;103.83;5.39;3.54;109.49
1084;1;171.85;103.6;103.82;4.6;3.21;112.5
1085;1;171.94;104.27;103.94;4.46;3.14;112.13
1086;1;171.39;103.51;103.5;5.52;3.45;111.54
1087;1;171.54;104.53;104.15;5.69;3.43;111.7
1088;1;171.91;104.28;103.86;5.48;3.37;113.13
1089;1;171.91;104.26;104.62;5.86;3.44;110.68
1090;1;171.13;104.13;104.26;3.86;3.69;111.52
1091;1;172.11;104.88;104.1;4.8;3.73;110.78
1092;1;172.2;104.31;104.4;4.6;3.42;111.92
1093;1;171.87;104.76;104.02;6.3;3.61;111.29
1094;1;172.08;104.33;103.94;4.77;3.64;110.68
1095;1;172.13;104.4;103.43;4.44;3.65;111.17
1096;1;171.83;104.11;103.92;5.63;3.21;112.18
1097;1;172.34;104.36;103.82;4.92;3.47;111.33
1098;1;172.51;104.43;104.17;5.11;3.08;111.7
1099;1;171.32;104.28;104.36;5.08;3.69;112.09
1100;1;171.19;104.18;104.01;4.82;3.18;111.73
1101;1;172.29;104.09;103.92;4.51;3.54;110.94
1102;1;171.86;104.49;103.87;5.21;3.6;111.11
1103;1;172.31;104.11;103.74;4.96;3.6;111.78
1104;1;171.88;104.05;103.75;4.41;3.21;112.52
1105;1;171.95;103.89;103.69;4.45;3.42;112.02
1106;1;172.37;104.03;104.47;4.95;3.25;111.99
1107;1;172.08;103.95;103.9;5.45;3.29;112.03
1108;1;172.12;104.18;104.31;5.36;3.31;111.43
1109;1;171.78;104.24;103.94;4.64;3.11;111.31
1110;1;172.03;104.16;104.31;5.46;3.24;112.82
1111;1;171.73;104.32;104.07;6.56;3.3;112.8
1112;1;172.03;104.52;103.96;4.3;3.48;112.16
1113;1;172.06;104.28;104.31;5.61;3.27;111.61
1114;1;171.84;104.52;104.19;4.6;3.47;110.64
1115;1;172.1;104.1;104.2;5.16;3.16;111.85
1116;1;172.18;104.14;104.37;6.04;3.62;110.97
1117;1;172.26;103.9;104.12;4.99;3.42;111.27
1118;1;171.94;104.14;104.14;4.69;3.06;112.04
1119;1;171.38;104.52;104.22;4.58;3.41;111.84
1120;1;172.0;104.2;104.35;5.18;3.31;111.95
1121;1;171.48;104.46;104.24;4.94;3.61;110.8
1123;1;172.09;104.15;104.17;4.15;3.4;113.85
1124;1;172.07;104.03;103.58;5.33;3.64;111.27
1125;1;171.88;103.92;104.27;6.7;3.11;110.93
1126;1;172.04;104.26;103.87;5.21;3.49;112.09
1127;1;171.84;104.06;104.1;4.87;3.25;111.04
1128;1;172.04;103.76;104.03;5.07;3.42;111.87
1129;1;172.37;104.25;103.67;5.12;3.3;112.03
1130;1;171.68;104.04;104.68;5.32;3.56;111.04
1131;1;171.56;104.29;104.19;5.23;3.63;112.94
1132;1;171.77;104.34;103.44;5.12;3.36;111.49
1133;1;172.04;104.32;103.81;5.57;3.57;112.37
1134;1;171.79;103.99;103.67;6.16;3.52;110.93
1135;1;171.91;103.7;104.41;6.34;3.5;113.05
1136;1;171.81;104.17;103.93;4.77;3.34;110.8
1137;1;172.41;104.32;103.93;5.82;3.36;112.36
1138;1;171.77;103.98;103.76;5.16;3.38;111.07
1139;1;172.01;104.06;104.12;5.71;3.35;111.01
1140;1;171.32;104.2;104.09;5.67;3.19;112.02
1141;1;172.15;104.26;104.2;5.5;3.49;112.33
1142;1;171.98;103.81;104.35;4.57;3.52;111.73
1143;1;171.04;104.23;104.22;4.87;3.56;111.54
1144;1;171.9;104.25;104.64;4.46;3.07;110.86
1145;1;171.88;103.84;104.18;5.02;3.05;112.07
1146;1;171.79;103.81;103.97;5.86;3.2;111.04
1147;1;171.94;104.53;103.81;5.07;3.14;112.46
1148;1;172.43;104.06;104.02;4.93;3.33;111.59
1149;1;171.84;104.63;104.43;5.24;3.21;111.48
1150;1;172.02;104.08;104.01;4.63;3.28;111.03
1151;1;171.79;104.86;104.34;5.39;3.14;113.02
1152;1;171.97;104.19;104.05;4.79;3.18;111.46
1153;1;171.83;103.83;103.92;5.34;3.22;112.03
1154;1;172.42;104.33;104.4;5.34;3.13;112.11
1155;1;172.32;103.95;103.94;4.23;3.31;111.41
1156;1;172.36;104.04;104.31;4.76;3.56;111.57
1157;1;171.78;104.33;103.58;6.01;3.26;111.3
1158;1;172.09;103.7;104.27;5.53;3.51;112.2
1159;1;172.11;104.1;104.18;4.52;3.21;111.45
1160;1;171.47;104.33;104.03;5.25;3.01;111.68
1161;1;172.39;104.05;104.32;4.13;3.41;112.66
1162;1;171.92;104.29;104.27;5.76;3.13;111.37
1163;1;172.46;103.87;104.36;5.56;3.33;110.69
1164;1;172.34;104.36;103.83;6.03;3.44;111.44
1165;1;171.5;104.52;104.19;4.84;3.12;110.37
1166;1;171.5;104.11;104.14;5.38;3.53;111.24
1167;1;171.89;104.23;104.52;4.6;3.15;110.94
1168;1;171.84;104.21;104.07;5.85;3.5;111.16
1169;1;171.83;103.56;103.76;5.56;3.49;110.7
1170;1;171.99;104.14;104.15;6.48;3.42;112.16
1171;1;171.63;104.3;103.85;5.45;3.26;111.88
1172;1;171.86;103.94;103.81;5.12;3.23;111.55
1173;1;171.87;104.07;103.54;4.59;3.5;112.06
1174;1;172.12;104.38;104.31;4.82;3.18;111.82
1175;1;171.84;104.17;104.12;4.42;3.57;112.01
1176;1;172.13;104.06;103.92;5.54;3.13;111.01
1178;1;172.07;103.91;104.21;4.12;3.42;111.91
1179;1;172.21;104.5;104.46;4.92;3.34;112.12
1180;1;171.47;104.28;103.89;5.78;3.21;111.8
1181;1;171.68;104.0;104.29;4.9;3.1;111.77
1182;1;171.26;104.02;103.93;5.6;3.12;112.48
1183;1;172.05;104.15;104.56;5.35;3.56;111.2
1184;1;172.25;103.96;103.92;4.67;3.24;111.06
1185;1;171.97;103.95;103.73;5.15;3.24;110.87
1186;1;171.38;104.39;104.56;5.96;3.25;111.59
1187;1;171.56;104.34;104.43;5.92;3.66;111.87
1188;1;171.52;104.18;103.99;5.93;3.26;110.87
1189;1;171.74;103.77;104.31;4.99;3.4;111.52
1190;1;172.18;104.53;104.14;5.97;3.18;111.11
1191;1;171.45;104.21;104.18;4.55;3.52;113.21
1192;1;171.42;103.87;104.51;5.07;3.3;110.22
1193;1;171.95;104.08;104.08;5.66;3.32;110.93
1194;1;171.59;103.93;103.95;5.25;3.38;111.71
1195;1;171.67;104.06;104.15;4.87;3.21;111.49
1196;1;172.61;104.31;104.13;5.85;3.27;111.63
1197;1;171.94;104.04;104.27;4.75;3.16;111.61
1198;1;171.94;104.2;103.65;5.0;3.43;112.08
1199;1;172.05;104.2;104.11;4.09;3.37;111.18
1200;1;172.03;104.32;104.87;4.49;3.77;111.04
1201;1;171.99;104.04;104.25;4.77;3.43;111.83
1202;1;171.85;104.12;103.69;4.86;3.5;111.55
1203;1;172.26;104.23;103.98;6.03;3.29;111.83
1204;1;172.02;104.22;104.19;5.14;3.73;110.49
1205;1;171.96;104.01;104.54;5.21;3.31;111.35
1206;1;171.92;103.9;104.58;5.56;3.5;110.59
1207;1;171.73;104.09;104.47;4.81;3.46;112.3
1208;1;171.71;104.12;104.14;4.84;3.38;111.68
1209;1;171.96;104.38;103.82;5.19;3.32;111.68
1210;1;172.25;104.18;104.23;5.11;3.37;111.17
1211;1;172.29;104.43;104.8;4.86;3.3;111.53
1212;1;172.31;103.98;104.09;5.28;3.47;111.71
1213;1;171.9;104.33;104.4;4.7;3.31;112.12
1214;1;171.76;104.13;104.19;5.22;3.55;111.9
1215;1;171.87;104.26;103.99;4.87;3.6;110.48
1216;1;171.88;104.14;104.42;4.34;3.18;111.38
1217;1;171.93;104.09;104.51;4.87;3.58;111.63
1218;1;171.63;104.61;104.29;5.31;3.14;111.51
1219;1;171.68;104.67;103.71;5.26;3.22;111.32
1220;1;172.23;103.81;104.13;5.24;3.17;110.91
1221;1;171.91;104.13;104.24;5.28;3.19;112.31
1222;1;172.27;104.06;104.24;5.43;3.35;110.29
1223;1;171.69;104.51;103.81;5.02;3.42;112.08
1224;1;172.24;104.31;104.66;4.2;3.61;112.37
1225;1;171.74;104.52;104.23;5.59;3.61;112.14
1226;1;172.03;104.15;104.24;5.12;3.3;112.36
1227;1;171.6;103.9;104.29;6.11;3.55;110.77
1228;1;172.26;103.94;103.95;5.7;3.26;112.61
1229;1;172.27;104.36;103.68;5.74;3.51;112.35
1230;1;171.94;103.88;104.1;6.05;3.39;111.52
1231;1;171.92;104.43;103.77;5.79;3.11;111.03
1232;1;171.75;103.96;104.15;4.84;3.32;111.76
1233;1;171.9;103.94;104.59;5.04;3.23;111.57
1234;1;172.13;104.35;104.0;5.69;3.3;111.92
1235;1;171.95;104.0;103.88;5.8;2.96;111.79
1236;1;172.27;103.87;104.35;5.58;3.52;112.32
1237;1;172.57;104.13;104.19;5.1;3.45;112.18
1238;1;171.72;104.05;104.36;5.4;3.75;111.59
1239;1;172.27;103.88;104.16;5.91;3.31;110.91
1240;1;171.99;104.02;104.06;5.34;3.61;112.12
1241;1;172.16;104.12;104.21;5.01;3.43;110.99
1242;1;171.66;104.17;104.02;4.71;3.22;110.91
1243;1;171.58;104.23;104.5;5.14;3.7;111.75
1244;1;171.64;104.2;104.1;5.43;3.6;112.72
1245;1;171.91;103.8;103.99;6.14;3.32;110.78
1246;1;172.26;104.04;104.43;3.82;3.47;111.95
1247;1;171.76;104.14;104.54;5.14;3.41;111.5
1248;1;171.57;104.04;104.14;5.27;3.42;112.68
1249;1;172.31;103.97;104.03;4.6;3.14;111.17
1250;1;171.45;104.03;104.26;4.88;3.44;111.92
1251;1;172.27;104.18;103.78;5.58;3.25;112.38
1252;1;172.25;104.21;103.98;5.71;3.5;111.88
1253;1;172.03;104.6;104.0;4.36;3.26;112.08
1254;1;171.8;104.51;104.57;5.5;3.3;112.94
1255;1;171.15;104.09;104.3;6.49;3.2;111.61
1256;1;171.9;104.22;104.09;5.28;3.18;112.16
1257;1;172.0;104.23;104.52;5.76;3.37;110.94
1258;1;172.39;104.34;104.1;5.89;3.14;111.56
1259;1;172.42;103.69;104.29;5.25;3.33;110.7
1260;1;172.2;104.45;104.02;4.81;3.58;111.2
1261;1;171.88;103.89;104.41;4.75;3.59;112.1
1262;1;171.56;104.03;103.93;5.47;3.5;111.67
1263;1;171.93;104.43;104.15;5.8;3.4;111.82
1264;1;171.59;104.05;104.4;5.05;3.45;111.14
1265;1;171.92;104.33;104.06;4.45;3.41;111.46
1266;1;172.37;104.54;104.03;5.82;3.41;111.45
1267;1;171.67;104.12;103.98;5.68;3.18;111.55
1268;1;172.13;103.99;103.78;5.47;2.94;112.3
1269;1;171.94;104.38;103.81;4.87;3.39;111.22
1270;1;172.04;104.37;104.09;4.81;3.5;111.25
1271;1;171.26;104.22;104.07;4.78;3.81;112.88
1272;1;172.4;104.42;104.18;4.62;3.31;111.27
1273;1;171.73;103.74;104.38;5.14;3.16;111.73
1274;1;172.33;104.36;104.31;4.4;3.33;112.03
1275;1;171.96;104.0;103.95;5.63;3.26;110.96
1276;1;171.82;103.97;103.88;4.73;3.55;111.87
1277;1;172.47;104.27;104.1;4.88;3.33;110.68
1278;1;173.01;104.59;104.31;5.04;3.05;110.91
1279;1;172.11;104.23;104.45;5.24;3.58;111.78
1280;1;171.43;104.26;103.97;5.73;3.14;111.82
1281;1;171.74;104.02;104.22;5.33;2.94;112.26
1282;1;171.62;104.53;103.64;4.89;3.16;112.54
1283;1;171.8;104.14;104.26;5.67;3.35;111.46
1284;1;171.6;104.23;104.45;5.57;3.45;110.34
1285;1;172.1;104.16;104.34;6.0;3.09;111.62
1286;1;172.12;104.38;103.93;4.71;3.44;111.52
1287;1;171.93;104.24;103.71;5.48;3.16;111.84
1288;1;171.31;103.95;104.07;5.14;3.41;112.44
1289;1;172.06;104.0;104.02;5.09;3.53;112.07
1290;1;171.57;104.08;104.12;5.46;3.21;111.49
1291;1;171.94;104.06;104.22;6.9;3.36;111.7
1292;1;171.84;104.46;104.15;4.51;3.39;110.73
1293;1;171.86;104.04;104.43;4.63;3.64;111.63
1294;1;171.57;104.29;104.28;5.12;3.68;110.98
1295;1;172.4;104.27;104.18;4.92;3.17;111.79
1296;1;171.9;103.97;104.36;5.59;3.61;112.05
1297;1;171.55;104.46;104.36;4.69;3.31;111.57
1298;1;171.96;104.47;104.06;4.84;3.76;111.04
1299;1;172.0;104.36;104.16;4.94;3.25;111.82
1300;1;172.11;104.24;104.06;5.61;3.6;111.76
1301;1;171.38;104.13;104.22;5.67;3.46;112.48
1302;1;171.33;104.28;104.19;5.72;3.25;111.99
1303;1;172.08;103.98;104.23;4.99;3.31;112.19
1305;1;171.91;104.0;104.49;4.68;3.42;111.82
1306;1;172.1;104.36;104.08;4.96;3.46;111.93
1307;1;172.13;103.99;104.06;5.8;3.28;111.3
1308;1;171.68;104.24;104.0;4.49;3.24;112.18
1309;1;172.36;104.02;104.32;5.62;3.4;112.13
1310;1;172.0;104.45;104.19;5.5;2.99;111.99
1311;1;171.92;104.84;104.6;5.96;2.92;110.69
1312;1;171.78;104.07;104.16;5.77;3.3;111.27
1313;1;171.92;104.37;104.05;4.95;3.04;110.61
1314;1;171.83;104.12;104.01;5.59;3.2;112.53
1315;1;172.43;104.32;103.95;4.13;3.39;111.5
1317;1;172.4;104.55;104.22;5.18;3.51;111.94
1318;1;171.99;104.28;104.32;4.71;3.45;112.18
1319;1;171.91;103.99;104.23;5.01;3.42;111.77
1320;1;171.74;104.4;104.39;4.87;3.06;112.0
1321;1;172.05;104.6;104.32;5.12;3.35;111.78
1322;1;172.29;104.72;104.86;5.71;3.16;112.15
1323;1;172.07;104.5;104.23;6.19;3.07;111.21
1324;1;171.84;104.23;104.31;5.1;3.68;111.72
1325;1;171.51;104.13;103.9;4.99;3.6;111.23
1326;1;171.83;104.39;104.17;5.51;3.33;113.64
1327;1;171.75;104.36;104.02;6.0;3.13;111.79
1328;1;171.78;104.51;104.06;5.9;3.18;111.91
1329;1;172.1;104.22;103.99;5.26;3.24;111.94
1330;1;172.5;104.07;103.71;3.82;3.63;110.74
1331;1;171.89;104.32;103.94;5.64;3.3;111.56
1332;1;172.32;104.6;104.83;4.84;3.51;112.55
1333;1;172.09;104.4;104.21;5.28;3.41;112.11
1334;1;172.1;104.3;104.21;4.07;3.41;111.27
1335;1;172.22;104.41;104.64;5.2;3.37;112.2
1336;1;172.04;104.17;103.9;5.05;3.62;111.56
1337;1;171.79;104.05;104.3;5.02;3.44;112.01
1338;1;172.22;104.17;104.07;4.52;3.67;112.13
1339;1;171.99;104.18;104.2;5.26;3.23;111.83
1340;1;171.75;104.16;104.23;5.75;3.25;111.68
1341;1;172.04;104.34;104.48;4.88;3.28;112.15
1342;1;171.94;104.21;104.1;4.28;3.47;112.23
1343;1;171.97;104.38;104.18;5.59;3.47;110.98
1344;1;171.62;104.14;104.45;4.94;3.66;111.93
1345;1;171.43;104.14;103.95;5.34;3.14;111.76
1346;1;171.56;104.17;103.87;6.16;3.38;111.55
1347;1;171.94;104.37;104.14;5.37;3.46;111.94
1349;1;171.84;104.32;104.5;6.28;3.0;111.06
1350;1;171.53;104.03;104.05;5.77;3.22;111.93
1351;1;171.38;103.78;103.7;5.22;3.43;111.6
1352;1;172.1;103.98;104.28;5.78;3.16;111.09
1353;1;171.62;104.21;103.99;5.5;3.45;111.35
1354;1;171.61;104.04;104.06;6.19;3.08;110.73
1355;1;171.67;103.79;103.44;5.13;3.32;111.47
1356;1;171.68;103.89;103.7;5.97;3.03;109.97
1357;1;171.95;104.26;103.97;5.88;3.16;112.44
1358;1;171.91;103.91;103.98;4.78;3.65;111.41
1359;1;171.67;104.16;104.08;5.42;3.3;111.63
1360;1;172.25;104.52;104.22;4.65;3.43;110.48
1361;1;171.98;104.44;104.26;5.75;3.2;110.93
1362;1;171.95;104.47;104.34;5.92;3.1;113.17
1363;1;171.56;103.8;103.87;5.66;2.98;112.95
1364;1;172.0;104.46;104.3;5.27;3.37;111.85
1365;1;171.69;104.18;104.28;5.62;3.23;110.53
1366;1;171.74;103.96;103.47;5.14;3.3;111.4
1367;1;171.83;104.18;104.26;5.0;3.6;111.55
1368;1;171.6;104.37;104.2;5.82;3.08;112.84
1369;1;171.65;104.32;104.38;5.65;3.24;112.3
1370;1;171.94;104.56;104.25;4.6;3.37;110.64
1371;1;171.69;103.87;104.16;5.46;3.31;111.42
1372;1;171.86;104.12;104.1;6.01;3.34;111.91
1373;1;171.38;104.04;104.2;5.54;3.38;112.8
1374;1;171.69;104.17;104.37;5.31;3.54;111.89
1375;1;172.02;103.9;104.1;5.92;3.19;111.46
1376;1;171.74;104.41;104.08;4.66;3.22;111.04
1377;1;171.8;104.31;104.49;5.97;3.51;111.2
1378;1;172.3;104.18;104.54;5.04;3.35;111.11
1379;1;171.41;104.2;103.73;4.31;3.32;111.74
1380;1;172.15;104.23;104.41;5.47;3.37;112.53
1381;1;171.58;103.87;104.07;4.67;3.51;111.53
1382;1;172.08;104.04;103.44;5.39;3.19;111.04
1383;1;171.97;104.85;104.52;5.87;3.56;110.98
1384;1;171.75;104.16;104.16;4.23;2.99;111.83
1385;1;171.26;104.19;104.26;5.17;3.35;111.04
1386;1;171.46;104.4;104.3;5.2;3.3;111.58
1387;1;172.05;104.22;104.05;5.87;3.18;111.13
1388;1;171.8;103.97;103.93;5.39;3.07;111.22
1389;1;171.05;104.09;104.5;4.72;3.1;112.44
1390;1;172.31;104.31;104.72;4.86;3.41;112.06
1391;1;171.43;104.26;103.91;5.14;3.53;111.9
1392;1;172.36;104.01;104.41;5.23;3.07;110.71
1393;1;171.59;104.17;104.09;5.25;3.08;112.14
1394;1;171.67;104.08;104.73;4.93;3.31;111.81
1395;1;172.0;104.17;104.44;4.72;3.4;111.17
1396;1;171.5;104.28;104.22;5.2;3.24;111.56
1397;1;171.91;104.53;104.23;4.75;3.34;112.28
1398;1;172.24;104.32;103.83;5.6;3.44;111.37
1399;1;171.73;104.12;104.36;4.71;3.5;112.15
1400;1;171.81;104.44;104.23;5.29;3.39;111.64
1401;1;172.03;104.46;103.8;5.59;3.56;111.86
1402;1;171.62;104.32;104.76;4.92;3.41;112.4
1403;1;171.89;103.79;104.17;5.11;3.4;111.76
1404;1;171.53;104.25;104.17;4.3;3.5;112.23
1405;1;171.76;103.79;104.05;5.12;3.22;112.08
1406;1;171.79;104.3;104.31;5.65;3.11;111.8
1407;1;171.54;103.98;103.96;5.57;3.09;111.88
1408;1;172.02;103.99;104.28;4.22;2.98;112.42
1409;1;171.99;103.95;104.27;5.46;3.48;111.06
1410;1;171.9;104.09;104.73;4.59;3.27;112.47
1411;1;171.96;103.86;103.86;5.06;3.55;110.44
1412;1;171.95;104.39;104.31;5.98;3.23;111.33
1413;1;172.25;103.94;103.68;4.14;3.25;112.48
1414;1;171.83;104.42;104.03;6.0;2.95;112.98
1415;1;171.92;104.17;104.11;5.59;3.14;112.2
1416;1;171.93;104.58;104.35;6.04;3.46;111.46
1417;1;171.76;104.25;104.65;4.25;3.22;111.45
1418;1;171.21;103.92;104.29;5.18;3.12;111.7
1419;1;171.79;104.64;103.74;5.97;3.26;111.86
1420;1;172.13;104.33;103.69;4.75;3.08;110.75
1421;1;171.56;104.47;104.04;6.38;3.43;112.12
1422;1;172.24;104.11;103.55;5.02;3.63;111.33
1423;1;171.49;104.12;104.33;5.93;3.09;111.56
1424;1;171.74;104.17;104.56;5.54;3.05;111.67
1425;1;171.68;103.9;104.41;4.74;3.29;111.85
1426;1;171.94;104.36;104.01;5.14;3.35;111.83
1427;1;172.22;103.92;104.03;6.25;3.14;110.89
1428;1;172.27;104.39;104.5;5.09;3.11;112.51
1429;1;172.39;104.04;104.32;5.09;3.55;111.82
1430;1;171.49;104.64;104.25;4.31;3.49;112.0
1431;1;171.76;104.55;103.8;5.28;3.26;111.4
1432;1;172.52;104.11;104.35;5.3;3.31;111.55
1433;1;171.96;103.92;104.23;5.0;3.35;111.16
1434;1;172.43;104.18;104.43;4.57;3.65;111.92
1435;1;171.66;103.8;104.09;4.73;3.12;111.56
1437;1;171.76;104.03;103.85;5.79;3.37;111.3
1438;1;171.92;104.18;103.9;5.67;3.58;112.37
1440;1;171.65;103.94;104.19;4.67;3.32;110.95
1441;1;171.53;104.41;103.85;4.64;3.39;111.94
1442;1;171.63;104.55;103.81;6.56;3.1;111.87
1443;1;171.4;104.21;104.44;5.59;3.3;111.09
1444;1;172.19;104.26;104.12;5.23;3.49;110.52
1445;1;171.84;104.17;103.98;4.91;3.39;111.26
1446;1;172.14;104.39;104.1;4.44;3.34;111.86
1447;1;171.65;104.41;104.06;5.37;3.56;111.36
1448;1;172.07;104.25;103.62;5.1;3.31;111.28
1449;1;171.74;104.32;103.64;5.47;3.28;111.56
1450;1;171.66;104.1;104.15;4.53;3.4;111.83
1451;1;172.72;104.05;104.17;4.21;3.37;111.53
1452;1;171.94;104.2;103.81;5.1;3.43;111.69
1453;1;171.93;104.15;103.98;4.57;3.57;112.71
1454;1;171.55;104.2;104.49;5.42;3.54;109.93
1455;1;172.2;104.56;103.58;5.19;3.62;111.17
1456;1;171.56;103.65;103.75;4.85;3.56;111.31
1457;1;172.48;104.41;104.47;4.81;3.62;111.31
1458;1;171.34;104.43;104.28;4.7;3.39;111.01
1459;1;171.65;104.0;104.53;5.69;3.41;111.09
1460;1;171.78;104.31;103.82;6.19;3.25;111.14
1461;1;171.99;104.28;104.48;5.27;3.46;110.94
1462;1;171.92;104.66;104.31;5.15;3.33;112.75
1463;1;171.9;104.02;103.91;5.38;3.48;111.98
1464;1;172.23;104.27;104.28;4.35;3.68;111.64
1465;1;172.07;104.17;104.37;6.54;3.54;111.2
1466;1;172.17;103.89;103.87;5.22;3.68;110.68
1467;1;171.58;104.55;103.83;5.5;3.32;110.97
1468;1;171.16;103.8;103.93;4.95;3.36;112.29
1469;1;172.21;103.88;104.65;4.82;3.58;111.11
1470;1;172.37;104.52;104.37;5.36;3.26;111.27
1471;1;171.49;104.42;104.4;5.08;3.36;111.45
1472;1;171.93;104.58;103.73;5.28;3.36;112.41
1473;1;171.85;104.27;103.83;4.15;3.37;112.0
1474;1;171.76;104.04;104.12;6.29;3.2;112.87
1475;1;171.7;104.42;104.04;4.75;3.32;111.63
1476;1;172.03;104.48;104.33;5.66;3.01;112.15
1477;1;171.43;104.46;103.95;5.13;3.05;111.2
1478;1;172.16;104.23;104.19;5.09;3.61;112.43
1479;1;172.36;103.93;104.0;6.08;3.76;112.89
1480;1;171.55;103.76;104.21;5.11;3.01;111.48
1481;1;171.64;103.92;104.66;5.71;3.38;112.33
1482;1;172.17;104.33;104.53;5.06;3.71;111.75
1483;1;172.3;104.04;103.85;4.12;3.27;111.69
1484;1;172.08;104.16;104.58;4.79;3.72;111.04
1485;1;172.08;103.96;104.95;5.22;3.45;112.07
1486;1;172.52;104.48;104.17;5.16;3.39;110.71
1487;1;172.47;104.16;103.85;3.99;3.32;111.25
1488;1;171.3;104.49;103.89;4.88;3.17;111.51
1489;1;171.78;103.93;103.93;5.88;3.19;111.07
1490;1;172.11;104.14;104.15;4.84;3.28;110.98
1491;1;171.82;104.32;104.05;6.06;3.03;111.68
1492;1;171.79;104.18;104.54;5.13;3.51;112.4
1493;1;172.01;103.97;104.4;5.52;3.31;111.18
1494;1;171.63;104.33;104.61;4.88;3.35;112.16
1495;1;171.57;104.14;104.14;5.41;3.23;111.76
1496;1;171.75;104.38;104.17;4.42;3.09;111.28
1497;1;172.19;104.63;104.44;5.27;3.37;110.97
1498;1;171.8;104.01;104.12;5.51;3.36;111.95
1499;1;172.06;104.28;104.06;5.17;3.46;112.25
1500;1;171.47;104.15;103.82;4.63;3.37;112.07
1077;1;171.57;104.27;104.44;5.28;3.21;111.87
1122;1;171.4;104.38;104.19;5.3;3.17;112.39
1177;1;171.59;104.05;103.94;5.36;3.02;111.29
1304;1;172.17;104.49;103.76;5.4;2.93;111.21
1316;1;172.08;104.15;104.17;5.19;3.4;112.29
1348;1;171.72;104.46;104.12;5.1;3.61;110.31
1436;1;172.66;104.33;104.41;5.12;3.56;111.47
1439;1;171.9;104.28;104.29;5.26;3.24;111.49
